141.024949,37.316569,0,-8.39972685779
141.027770389,37.31662806,250.000325724,-5.16040036612
141.030591782,37.316687053,500.000650342,-5.84086714415
141.033413179,37.316745979,750.000973849,-7.00688893922
141.036234581,37.3168048381,1000.00129625,-8.38284211645
141.039055988,37.3168636301,1250.00161755,-9.72846385298
141.041877398,37.3169223552,1500.00193774,-11.2960085675
141.044698813,37.3169810133,1750.00225683,-12.8667556012
141.047520233,37.3170396044,2000.00257482,-14.2734481817
141.050341657,37.3170981285,2250.0028917,-14.2909657429
141.053163085,37.3171565857,2500.00320749,-14.8680894347
141.055984517,37.3172149758,2750.00352218,-16.8438090957
141.058805954,37.317273299,3000.00383578,-18.3854575741
141.061627395,37.3173315551,3250.00414827,-19.1514301011
141.064448841,37.3173897443,3500.00445968,-19.1850279785
141.06727029,37.3174478665,3750.00476999,-20.1837407259
141.070091745,37.3175059218,4000.00507921,-21.9503834096
141.072913203,37.31756391,4250.00538734,-23.969767854
141.075734666,37.3176218312,4500.00569438,-23.8888810762
141.078556133,37.3176796855,4750.00600034,-24.7654330018
141.081377604,37.3177374727,5000.0063052,-26.6627298613
141.08419908,37.317795193,5250.00660899,-27.2925250661
141.08702056,37.3178528463,5500.00691168,-28.6029843866
141.089842044,37.3179104326,5750.0072133,-30.8495325326
141.092663533,37.3179679519,6000.00751383,-34.0091919828
141.095485026,37.3180254042,6250.00781329,-36.1726987362
141.098306523,37.3180827896,6500.00811166,-37.2120477952
141.101128024,37.3181401079,6750.00840896,-37.1044043124
141.10394953,37.3181973593,7000.00870518,-37.4113691425
141.10677104,37.3182545436,7250.00900033,-38.2516772527
141.109592554,37.318311661,7500.00929439,-39.6878170232
141.112414072,37.3183687114,7750.0095874,-40.5288035043
141.115235595,37.3184256948,8000.00987932,-41.2997499172
141.118057122,37.3184826112,8250.01017018,-42.6763334298
141.120878653,37.3185394606,8500.01045997,-44.0406942513
141.123700188,37.318596243,8750.01074869,-45.6194357587
141.126521728,37.3186529584,9000.01103635,-47.7455045539
141.129343271,37.3187096069,9250.01132294,-47.3450606633
141.132164819,37.3187661883,9500.01160846,-47.5746527312
141.134986372,37.3188227028,9750.01189293,-50.618913439
141.137807928,37.3188791502,10000.0121763,-52.0958222957
141.140629489,37.3189355307,10250.0124587,-53.8974755357
141.143451054,37.3189918441,10500.01274,-56.6815979507
141.146272623,37.3190480906,10750.0130202,-58.3838984512
141.149094196,37.3191042701,11000.0132993,-59.0028488471
141.151915773,37.3191603826,11250.0135775,-58.8878714144
141.154737355,37.3192164281,11500.0138545,-61.3366213986
141.15755894,37.3192724066,11750.0141305,-63.9776248375
141.16038053,37.3193283181,12000.0144055,-66.5675985982
141.163202124,37.3193841626,12250.0146794,-72.3323534543
141.166023722,37.3194399401,12500.0149523,-75.2442895621
141.168845325,37.3194956507,12750.0152241,-74.4770923031
141.171666931,37.3195512942,13000.0154948,-73.2285696198
141.174488542,37.3196068707,13250.0157645,-72.5645105777
141.177310157,37.3196623802,13500.0160332,-72.7568144589
141.180131776,37.3197178228,13750.0163009,-73.6942091341
141.182953399,37.3197731983,14000.0165674,-77.9543488745
141.185775026,37.3198285069,14250.016833,-82.5784795467
141.188596657,37.3198837484,14500.0170975,-80.2643336142
141.191418292,37.319938923,14750.017361,-80.7593745236
141.194239932,37.3199940305,15000.0176234,-83.3809164388
141.197061575,37.3200490711,15250.0178848,-86.0220447596
141.199883223,37.3201040446,15500.0181452,-87.9505010671
141.202704875,37.3201589512,15750.0184045,-89.6729634341
141.205526531,37.3202137908,16000.0186629,-91.8534815141
141.208348191,37.3202685633,16250.0189201,-91.7847164625
141.211169855,37.3203232689,16500.0191764,-92.0574681509
141.213991523,37.3203779075,16750.0194316,-95.2582145846
141.216813195,37.320432479,17000.0196858,-98.9101852169
141.219634871,37.3204869836,17250.019939,-102.161673402
141.222456551,37.3205414212,17500.0201911,-104.20978034
141.225278236,37.3205957917,17750.0204422,-102.394183953
141.228099924,37.3206500953,18000.0206924,-102.671633182
141.230921616,37.3207043319,18250.0209414,-107.939158237
141.233743313,37.3207585014,18500.0211895,-107.688266234
141.236565013,37.320812604,18750.0214366,-107.335116866
141.239386718,37.3208666396,19000.0216826,-108.931385544
141.242208426,37.3209206081,19250.0219276,-111.590309328
141.245030139,37.3209745097,19500.0221716,-113.149698335
141.247851855,37.3210283443,19750.0224146,-113.015186089
141.250673576,37.3210821118,20000.0226566,-112.425478972
141.2534953,37.3211358124,20250.0228976,-112.724381702
141.256317029,37.3211894459,20500.0231375,-114.379077939
141.259138761,37.3212430125,20750.0233765,-117.890425332
141.261960498,37.321296512,21000.0236144,-119.830789883
141.264782238,37.3213499446,21250.0238514,-120.156734002
141.267603983,37.3214033101,21500.0240873,-120.561275969
141.270425731,37.3214566087,21750.0243223,-122.265379735
141.273247484,37.3215098402,22000.0245562,-124.164608583
141.27606924,37.3215630047,22250.0247891,-123.283129195
141.278891,37.3216161023,22500.0250211,-123.351723194
141.281712764,37.3216691328,22750.025252,-124.087261277
141.284534533,37.3217220963,23000.025482,-124.563969041
141.287356305,37.3217749928,23250.0257109,-125.1996443
141.290178081,37.3218278223,23500.0259389,-125.74888859
141.292999861,37.3218805848,23750.0261658,-125.838530127
141.295821645,37.3219332804,24000.0263918,-126.947656379
141.298643433,37.3219859088,24250.0266168,-127.985352564
141.301465225,37.3220384703,24500.0268408,-127.791060823
141.30428702,37.3220909648,24750.0270638,-127.89432142
141.30710882,37.3221433923,25000.0272859,-127.975747046
141.309930623,37.3221957528,25250.0275069,-127.895412033
141.312752431,37.3222480462,25500.027727,-129.109341234
141.315574242,37.3223002727,25750.027946,-130.364949828
141.318396057,37.3223524321,26000.0281641,-130.96916062
141.321217876,37.3224045246,26250.0283812,-131.711081829
141.324039699,37.32245655,26500.0285974,-132.090228202
141.326861526,37.3225085084,26750.0288125,-132.018287063
141.329683357,37.3225603999,27000.0290267,-132.594917404
141.332505191,37.3226122243,27250.0292399,-133.292863611
141.33532703,37.3226639817,27500.0294522,-133.952600062
141.338148872,37.3227156721,27750.0296634,-134.528480253
141.340970718,37.3227672955,28000.0298737,-135.574040787
141.343792568,37.3228188518,28250.0300831,-136.98017829
141.346614422,37.3228703412,28500.0302914,-137.856686865
141.349436279,37.3229217636,28750.0304988,-137.65715
141.352258141,37.3229731189,29000.0307052,-137.048942137
141.355080006,37.3230244072,29250.0309107,-138.530090375
141.357901875,37.3230756286,29500.0311152,-139.138028982
141.360723748,37.3231267829,29750.0313187,-139.099603549
141.363545624,37.3231778702,30000.0315213,-139.793973004
141.366367505,37.3232288905,30250.0317229,-140.558417627
141.369189389,37.3232798438,30500.0319236,-141.136199934
141.372011277,37.32333073,30750.0321233,-141.123135213
141.374833169,37.3233815493,31000.032322,-141.112556452
141.377655065,37.3234323016,31250.0325198,-141.139010032
141.380476964,37.3234829868,31500.0327166,-141.230422841
141.383298867,37.323533605,31750.0329125,-141.095221831
141.386120774,37.3235841562,32000.0331075,-141.385187824
141.388942685,37.3236346404,32250.0333015,-142.852550981
141.3917646,37.3236850576,32500.0334945,-143.106681497
141.394586518,37.3237354078,32750.0336866,-143.218550034
141.39740844,37.323785691,33000.0338777,-143.999641165
141.400230365,37.3238359071,33250.0340679,-144.081900103
141.403052295,37.3238860563,33500.0342572,-144.26279237
141.405874228,37.3239361384,33750.0344455,-144.918390063
141.408696165,37.3239861535,34000.0346329,-144.458596265
141.411518106,37.3240361016,34250.0348193,-144.690857481
141.41434005,37.3240859827,34500.0350048,-146.139976022
141.417161998,37.3241357967,34750.0351894,-146.228698846
141.41998395,37.3241855438,35000.035373,-145.933868131
141.422805905,37.3242352238,35250.0355557,-145.976679966
141.425627864,37.3242848369,35500.0357375,-149.29683663
141.428449827,37.3243343829,35750.0359183,-150.386491543
141.431271794,37.3243838619,36000.0360982,-148.860870265
141.434093764,37.3244332738,36250.0362772,-149.224773986
141.436915738,37.3244826188,36500.0364552,-149.816381668
141.439737716,37.3245318967,36750.0366323,-150.325857442
141.442559697,37.3245811077,37000.0368085,-150.479894922
141.445381682,37.3246302516,37250.0369838,-150.555246367
141.44820367,37.3246793285,37500.0371581,-150.955187068
141.451025662,37.3247283383,37750.0373315,-152.488240763
141.453847658,37.3247772812,38000.037504,-153.368911169
141.456669658,37.324826157,38250.0376756,-154.105764504
141.459491661,37.3248749659,38500.0378463,-155.890237652
141.462313668,37.3249237077,38750.038016,-158.304798351
141.465135678,37.3249723825,39000.0381848,-160.550353885
141.467957692,37.3250209902,39250.0383528,-161.46319409
141.47077971,37.325069531,39500.0385198,-161.878847133
141.473601731,37.3251180047,39750.0386859,-162.207773323
141.476423756,37.3251664114,40000.038851,-162.962091818
141.479245784,37.3252147511,40250.0390153,-163.023327608
141.482067817,37.3252630238,40500.0391787,-163.124117727
141.484889852,37.3253112295,40750.0393411,-163.884608314
141.487711891,37.3253593681,41000.0395027,-165.01993367
141.490533934,37.3254074397,41250.0396633,-166.648682113
141.493355981,37.3254554443,41500.0398231,-168.80447029
141.496178031,37.3255033819,41750.0399819,-170.834307842
141.499000084,37.3255512524,42000.0401399,-173.090329142
141.501822141,37.325599056,42250.0402969,-175.632032376
141.504644202,37.3256467925,42500.0404531,-177.245694007
141.507466266,37.325694462,42750.0406083,-178.841469555
141.510288334,37.3257420645,43000.0407627,-180.713848297
141.513110405,37.3257895999,43250.0409161,-182.186564311
141.51593248,37.3258370683,43500.0410687,-184.118666726
141.518754558,37.3258844698,43750.0412204,-186.475029684
141.52157664,37.3259318041,44000.0413712,-187.65663335
141.524398726,37.3259790715,44250.0415211,-188.875288727
141.527220815,37.3260262718,44500.0416701,-190.285156656
141.530042907,37.3260734052,44750.0418182,-191.688047004
141.532865003,37.3261204715,45000.0419655,-192.806574982
141.535687103,37.3261674707,45250.0421118,-194.340818709
141.538509206,37.326214403,45500.0422573,-198.360943703
141.541331312,37.3262612682,45750.0424019,-200.371630995
141.544153422,37.3263080664,46000.0425456,-200.732912384
141.546975535,37.3263547976,46250.0426884,-200.724218694
141.549797652,37.3264014618,46500.0428304,-203.209938074
141.552619773,37.3264480589,46750.0429715,-206.475850068
141.555441897,37.326494589,47000.0431117,-208.021787467
141.558264024,37.3265410521,47250.043251,-209.24908302
141.561086155,37.3265874481,47500.0433895,-210.464715308
141.563908289,37.3266337772,47750.0435271,-212.01695198
141.566730427,37.3266800392,48000.0436638,-213.491250319
141.569552568,37.3267262342,48250.0437996,-215.427378294
141.572374712,37.3267723621,48500.0439346,-218.425265805
141.57519686,37.3268184231,48750.0440687,-219.96829412
141.578019012,37.326864417,49000.044202,-221.435949264
141.580841167,37.3269103438,49250.0443344,-223.608398714
141.583663325,37.3269562037,49500.0444659,-225.744168433
141.586485486,37.3270019965,49750.0445966,-227.517517039
141.589307652,37.3270477223,50000.0447264,-228.823047061
141.59212982,37.3270933811,50250.0448553,-230.788925456
141.594951992,37.3271389728,50500.0449834,-232.864521749
141.597774167,37.3271844976,50750.0451106,-234.908155208
141.600596346,37.3272299553,51000.045237,-236.907529779
141.603418528,37.3272753459,51250.0453625,-239.315378147
141.606240713,37.3273206696,51500.0454872,-242.034856596
141.609062902,37.3273659262,51750.045611,-244.064998281
141.611885094,37.3274111157,52000.045734,-246.448498342
141.61470729,37.3274562383,52250.0458561,-249.108254118
141.617529489,37.3275012938,52500.0459774,-251.142381028
141.620351691,37.3275462823,52750.0460978,-253.16979837
141.623173897,37.3275912038,53000.0462174,-255.254140024
141.625996105,37.3276360582,53250.0463361,-257.301368212
141.628818318,37.3276808456,53500.046454,-259.369864269
141.631640533,37.327725566,53750.0465711,-261.402148077
141.634462752,37.3277702194,54000.0466873,-263.101491743
141.637284975,37.3278148057,54250.0468027,-266.553688343
141.6401072,37.327859325,54500.0469172,-270.903569965
141.642929429,37.3279037772,54750.0470309,-274.698169471
141.645751661,37.3279481625,55000.0471438,-277.207797763
141.648573897,37.3279924807,55250.0472558,-279.361275581
141.651396136,37.3280367318,55500.047367,-282.197491292
141.654218378,37.328080916,55750.0474774,-285.514995533
141.657040623,37.3281250331,56000.0475869,-288.58497501
141.659862872,37.3281690831,56250.0476957,-290.789995535
141.662685124,37.3282130662,56500.0478035,-293.361021391
141.665507379,37.3282569822,56750.0479106,-295.697163862
141.668329637,37.3283008312,57000.0480168,-297.478893101
141.671151899,37.3283446131,57250.0481223,-299.872616001
141.673974164,37.328388328,57500.0482269,-302.539134894
141.676796432,37.3284319759,57750.0483306,-305.325472953
141.679618704,37.3284755568,58000.0484336,-308.024495243
141.682440979,37.3285190706,58250.0485357,-310.874525049
141.685263257,37.3285625174,58500.048637,-313.833543486
141.688085538,37.3286058971,58750.0487375,-315.986288411
141.690907822,37.3286492098,59000.0488372,-318.435385123
141.69373011,37.3286924555,59250.0489361,-321.516098525
141.696552401,37.3287356342,59500.0490341,-325.640456988
141.699374695,37.3287787458,59750.0491314,-329.219021836
141.702196992,37.3288217904,60000.0492278,-332.116583671
141.705019293,37.3288647679,60250.0493235,-335.18541004
141.707841597,37.3289076785,60500.0494183,-338.203148493
141.710663904,37.3289505219,60750.0495123,-341.196365453
141.713486214,37.3289932984,61000.0496055,-344.198072701
141.716308527,37.3290360078,61250.0496979,-347.493008888
141.719130843,37.3290786502,61500.0497895,-350.994898123
141.721953163,37.3291212255,61750.0498804,-354.448086909
141.724775486,37.3291637338,62000.0499704,-357.34747808
141.727597812,37.3292061751,62250.0500596,-360.089163672
141.730420141,37.3292485493,62500.050148,-363.162741781
141.733242473,37.3292908565,62750.0502356,-366.33732239
141.736064809,37.3293330967,63000.0503224,-370.637695635
141.738887147,37.3293752698,63250.0504085,-377.38266083
141.741709489,37.3294173759,63500.0504937,-382.342777243
141.744531834,37.3294594149,63750.0505781,-385.477850723
141.747354182,37.329501387,64000.0506618,-386.806857433
141.750176533,37.3295432919,64250.0507447,-389.457469448
141.752998887,37.3295851299,64500.0508268,-393.871974198
141.755821245,37.3296269008,64750.0509081,-400.370064798
141.758643605,37.3296686046,65000.0509886,-403.443573429
141.761465969,37.3297102415,65250.0510683,-406.796300089
141.764288335,37.3297518113,65500.0511472,-412.024343531
141.767110705,37.329793314,65750.0512254,-415.173920632
141.769933078,37.3298347497,66000.0513028,-420.465637965
141.772755454,37.3298761184,66250.0513794,-428.56652655
141.775577833,37.3299174201,66500.0514552,-429.773345253
141.778400215,37.3299586546,66750.0515303,-431.063973858
141.7812226,37.3299998222,67000.0516046,-434.268480534
141.784044988,37.3300409227,67250.0516781,-437.913197345
141.78686738,37.3300819562,67500.0517508,-440.453260585
141.789689774,37.3301229227,67750.0518228,-443.067683661
141.792512171,37.3301638221,68000.051894,-451.548836962
141.795334572,37.3302046544,68250.0519644,-460.569064924
141.798156975,37.3302454197,68500.0520341,-468.222667222
141.800979382,37.330286118,68750.052103,-471.181673615
141.803801791,37.3303267493,69000.0521711,-476.567355523
141.806624204,37.3303673135,69250.0522385,-482.504160205
141.809446619,37.3304078106,69500.0523051,-483.513151656
141.812269038,37.3304482408,69750.052371,-484.074102231
141.815091459,37.3304886038,70000.0524361,-484.121715518
141.817913884,37.3305288999,70250.0525004,-483.027773674
141.820736312,37.3305691289,70500.052564,-481.542659385
141.823558742,37.3306092908,70750.0526268,-480.25262625
141.826381176,37.3306493857,71000.0526889,-479.633368478
141.829203612,37.3306894136,71250.0527502,-480.284843276
141.832026052,37.3307293745,71500.0528107,-482.765548708
141.834848494,37.3307692682,71750.0528706,-487.783521276
141.83767094,37.330809095,72000.0529296,-493.945735005
141.840493388,37.3308488547,72250.0529879,-499.546094416
141.84331584,37.3308885474,72500.0530455,-503.440287482
141.846138294,37.330928173,72750.0531023,-506.962932016
141.848960752,37.3309677316,73000.0531584,-510.284863656
141.851783212,37.3310072231,73250.0532137,-513.675163145
141.854605675,37.3310466476,73500.0532683,-518.323846286
141.857428141,37.331086005,73750.0533222,-522.870934418
141.86025061,37.3311252954,74000.0533753,-526.836860323
141.863073082,37.3311645188,74250.0534277,-530.928567892
141.865895557,37.3312036751,74500.0534793,-534.660188033
141.868718035,37.3312427644,74750.0535302,-537.964280267
141.871540516,37.3312817866,75000.0535804,-541.340071052
141.874362999,37.3313207418,75250.0536298,-544.716505644
141.877185486,37.3313596299,75500.0536786,-548.081953591
141.880007975,37.331398451,75750.0537265,-551.456403121
141.882830468,37.3314372051,76000.0537738,-554.83279611
141.885652963,37.3314758921,76250.0538203,-558.206240004
141.888475461,37.331514512,76500.0538661,-561.5740836
141.891297962,37.3315530649,76750.0539112,-564.926751436
141.894120466,37.3315915508,77000.0539555,-568.274067475
141.896942972,37.3316299696,77250.0539991,-571.60208189
141.899765482,37.3316683214,77500.054042,-575.342203542
141.902587994,37.3317066061,77750.0540842,-579.550608347
141.90541051,37.3317448238,78000.0541257,-584.390439788
141.908233028,37.3317829745,78250.0541664,-588.151144135
141.911055549,37.3318210581,78500.0542065,-591.619334886
141.913878073,37.3318590746,78750.0542458,-595.79333908
141.916700599,37.3318970241,79000.0542844,-599.383298662
141.919523129,37.3319349065,79250.0543223,-602.707966642
141.922345661,37.3319727219,79500.0543594,-606.050403666
141.925168196,37.3320104703,79750.0543959,-609.879944342
141.927990734,37.3320481516,80000.0544317,-613.936466122
141.930813274,37.3320857659,80250.0544667,-618.029553784
141.933635818,37.3321233131,80500.0545011,-620.980509587
141.936458364,37.3321607933,80750.0545347,-626.141885054
141.939280913,37.3321982064,81000.0545676,-634.715299789
141.942103465,37.3322355524,81250.0545999,-638.744820075
141.94492602,37.3322728315,81500.0546314,-642.059538989
141.947748577,37.3323100434,81750.0546622,-645.958486086
141.950571137,37.3323471884,82000.0546924,-648.467031262
141.9533937,37.3323842662,82250.0547218,-658.467524079
141.956216266,37.3324212771,82500.0547505,-675.659847389
141.959038835,37.3324582208,82750.0547786,-685.30595619
141.961861406,37.3324950976,83000.0548059,-688.469366882
141.96468398,37.3325319073,83250.0548326,-688.026392763
141.967506556,37.3325686499,83500.0548585,-695.609048427
141.970329136,37.3326053255,83750.0548838,-698.52852836
141.973151718,37.332641934,84000.0549084,-698.530270202
141.975974303,37.3326784755,84250.0549323,-706.428068463
141.978796891,37.3327149499,84500.0549555,-709.054139997
141.981619481,37.3327513573,84750.0549781,-709.107022459
141.984442074,37.3327876976,85000.0549999,-715.497396977
141.98726467,37.3328239709,85250.0550211,-716.634598032
141.990087268,37.3328601771,85500.0550416,-713.534957611
141.992909869,37.3328963163,85750.0550614,-708.763614514
141.995732473,37.3329323884,86000.0550805,-709.718903056
141.99855508,37.3329683935,86250.0550989,-714.303903458
142.001377689,37.3330043315,86500.0551167,-719.971802748
142.004200301,37.3330402025,86750.0551338,-725.075841487
142.007022915,37.3330760064,87000.0551502,-729.496227907
142.009845532,37.3331117433,87250.055166,-733.110358515
142.012668152,37.3331474131,87500.0551811,-736.760665508
142.015490775,37.3331830159,87750.0551955,-740.499166166
142.0183134,37.3332185516,88000.0552092,-744.39353647
142.021136028,37.3332540202,88250.0552223,-748.757840273
142.023958658,37.3332894218,88500.0552347,-753.302538554
142.026781291,37.3333247564,88750.0552464,-757.927070932
142.029603927,37.3333600239,89000.0552575,-762.947130534
142.032426565,37.3333952243,89250.0552679,-767.783089401
142.035249206,37.3334303577,89500.0552777,-772.926550052
142.03807185,37.3334654241,89750.0552868,-783.98541782
142.040894496,37.3335004234,90000.0552952,-792.426264115
142.043717145,37.3335353556,90250.055303,-796.512719622
142.046539796,37.3335702208,90500.0553101,-800.728127075
142.04936245,37.3336050189,90750.0553166,-804.948991449
142.052185107,37.33363975,91000.0553224,-809.388891739
142.055007766,37.333674414,91250.0553276,-814.23855389
142.057830428,37.3337090109,91500.0553321,-819.004665261
142.060653092,37.3337435409,91750.055336,-823.687924465
142.063475759,37.3337780037,92000.0553392,-828.72091524
142.066298428,37.3338123995,92250.0553418,-833.251838801
142.0691211,37.3338467283,92500.0553437,-837.558472047
142.071943775,37.33388099,92750.055345,-842.417722951
142.074766452,37.3339151846,93000.0553456,-848.269171863
142.077589132,37.3339493122,93250.0553456,-854.175905538
142.080411814,37.3339833727,93500.055345,-858.568025181
142.083234499,37.3340173662,93750.0553437,-863.472580344
142.086057186,37.3340512926,94000.0553418,-868.494987644
142.088879876,37.3340851519,94250.0553392,-873.065349179
142.091702568,37.3341189442,94500.055336,-878.384152509
142.094525263,37.3341526695,94750.0553322,-883.587899857
142.09734796,37.3341863277,95000.0553277,-887.903979241
142.10017066,37.3342199188,95250.0553226,-892.970202863
142.102993363,37.3342534429,95500.0553169,-898.348611031
142.105816067,37.3342868999,95750.0553105,-903.707500726
142.108638775,37.3343202899,96000.0553036,-907.83951575
142.111461485,37.3343536128,96250.0552959,-911.862180816
142.114284197,37.3343868686,96500.0552877,-916.334285316
142.117106912,37.3344200574,96750.0552788,-920.470641473
142.119929629,37.3344531791,97000.0552694,-924.295948319
142.122752349,37.3344862338,97250.0552593,-927.762425044
142.125575071,37.3345192214,97500.0552485,-930.543944677
142.128397796,37.334552142,97750.0552372,-933.860512948
142.131220523,37.3345849955,98000.0552252,-937.895018075
142.134043252,37.3346177819,98250.0552126,-940.853132143
142.136865984,37.3346505013,98500.0551994,-947.281694499
142.139688719,37.3346831536,98750.0551856,-955.769697287
142.142511455,37.3347157389,99000.0551712,-957.705086336
142.145334195,37.3347482571,99250.0551562,-958.65489764
142.148156936,37.3347807083,99500.0551405,-959.696939052
142.15097968,37.3348130924,99750.0551243,-961.549856288
142.153802427,37.3348454094,100000.055107,-962.965273917
142.156625176,37.3348776594,100250.05509,-964.559688458
142.159447927,37.3349098423,100500.055072,-968.049992402
142.162270681,37.3349419582,100750.055053,-970.612272054
142.165093437,37.3349740069,101000.055034,-972.574248365
142.167916196,37.3350059887,101250.055014,-974.731956568
142.170738956,37.3350379034,101500.054994,-976.795945392
142.17356172,37.335069751,101750.054972,-978.604728676
142.176384485,37.3351015315,102000.054951,-979.900690137
142.179207253,37.335133245,102250.054929,-981.56125694
142.182030024,37.3351648915,102500.054906,-983.479571683
142.184852796,37.3351964708,102750.054882,-985.495130035
142.187675571,37.3352279832,103000.054858,-988.090057807
142.190498349,37.3352594284,103250.054833,-990.908953727
142.193321129,37.3352908066,103500.054808,-993.659240934
142.196143911,37.3353221177,103750.054782,-995.046243181
142.198966695,37.3353533618,104000.054756,-997.105101983
142.201789482,37.3353845388,104250.054729,-1000.70521813
142.204612271,37.3354156488,104500.054701,-1003.05948458
142.207435062,37.3354466917,104750.054673,-1004.36620765
142.210257856,37.3354776675,105000.054644,-1004.89562459
142.213080652,37.3355085762,105250.054615,-1006.83442083
142.21590345,37.3355394179,105500.054585,-1008.49429605
142.218726251,37.3355701926,105750.054555,-1009.86223223
142.221549054,37.3356009002,106000.054524,-1013.38773501
142.224371859,37.3356315407,106250.054492,-1015.87517526
142.227194666,37.3356621141,106500.05446,-1016.88865774
142.230017476,37.3356926205,106750.054427,-1017.4973589
142.232840288,37.3357230599,107000.054394,-1018.30761606
142.235663102,37.3357534321,107250.05436,-1018.37658234
142.238485919,37.3357837373,107500.054325,-1014.44415732
142.241308737,37.3358139755,107750.05429,-1012.89361541
142.244131558,37.3358441465,108000.054254,-1013.24845543
142.246954382,37.3358742505,108250.054218,-1013.14021441
142.249777207,37.3359042875,108500.054181,-1013.64916321
142.252600035,37.3359342574,108750.054144,-1013.9360535
142.255422865,37.3359641602,109000.054106,-1012.69778534
142.258245697,37.335993996,109250.054068,-1010.85682111
142.261068532,37.3360237646,109500.054029,-1009.00089351
142.263891368,37.3360534663,109750.053989,-1007.81478807
142.266714207,37.3360831008,110000.053949,-1006.35718084
142.269537048,37.3361126683,110250.053908,-1005.13940654
142.272359891,37.3361421688,110500.053867,-1004.63880842
142.275182737,37.3361716022,110750.053825,-1003.3517875
142.278005584,37.3362009685,111000.053783,-1001.88781677
142.280828434,37.3362302677,111250.05374,-1000.66178865
142.283651286,37.3362594999,111500.053696,-999.507580018
142.286474141,37.336288665,111750.053652,-998.605967111
142.289296997,37.336317763,112000.053608,-997.937438658
142.292119855,37.336346794,112250.053563,-996.725958055
142.294942716,37.3363757579,112500.053517,-994.908111436
142.297765579,37.3364046548,112750.053471,-992.818373661
142.300588444,37.3364334846,113000.053424,-993.109766713
142.303411311,37.3364622473,113250.053377,-993.784737749
142.30623418,37.3364909429,113500.053329,-994.063250353
142.309057052,37.3365195715,113750.053281,-992.297078784
142.311879925,37.3365481331,114000.053232,-995.090669046
142.314702801,37.3365766275,114250.053182,-1001.44633396
142.317525679,37.3366050549,114500.053132,-1002.80708115
142.320348559,37.3366334152,114750.053082,-1003.14976251
142.323171441,37.3366617085,115000.053031,-1002.39412382
142.325994325,37.3366899347,115250.052979,-998.815348006
142.328817211,37.3367180938,115500.052927,-995.58885845
142.331640099,37.3367461858,115750.052874,-993.099513712
142.33446299,37.3367742108,116000.052821,-991.870935923
142.337285882,37.3368021688,116250.052768,-986.275250794
142.340108777,37.3368300596,116500.052713,-978.159651989
142.342931674,37.3368578834,116750.052659,-970.379847231
142.345754572,37.3368856401,117000.052603,-965.366269347
142.348577473,37.3369133298,117250.052548,-961.2923249
142.351400376,37.3369409524,117500.052491,-955.717041312
142.354223281,37.3369685079,117750.052435,-949.88686926
142.357046188,37.3369959963,118000.052377,-942.56307472
142.359869097,37.3370234177,118250.052319,-932.467904822
142.362692008,37.337050772,118500.052261,-924.997557068
142.365514921,37.3370780593,118750.052202,-920.20853414
142.368337836,37.3371052794,119000.052143,-918.004214779
142.371160753,37.3371324325,119250.052083,-916.469896961
142.373983672,37.3371595186,119500.052023,-914.279308433
142.376806594,37.3371865375,119750.051962,-911.717004524
142.379629517,37.3372134894,120000.0519,-921.771366012
142.382452442,37.3372403743,120250.051838,-928.306318047
142.385275369,37.337267192,120500.051776,-926.175549858
142.388098298,37.3372939427,120750.051713,-923.270443819
142.39092123,37.3373206263,121000.051649,-919.505322924
142.393744163,37.3373472429,121250.051586,-915.363509679
142.396567098,37.3373737924,121500.051521,-912.367805705
142.399390035,37.3374002748,121750.051456,-907.612818244
142.402212974,37.3374266901,122000.051391,-901.91902352
142.405035915,37.3374530384,122250.051325,-900.935026577
142.407858858,37.3374793196,122500.051258,-898.00790488
142.410681803,37.3375055338,122750.051191,-892.462740604
142.41350475,37.3375316808,123000.051124,-884.518756296
142.416327699,37.3375577608,123250.051056,-882.996635743
142.41915065,37.3375837737,123500.050988,-884.117071308
142.421973603,37.3376097196,123750.050919,-878.133524616
142.424796557,37.3376355984,124000.05085,-884.035189299
142.427619514,37.3376614101,124250.05078,-893.745289221
142.430442473,37.3376871547,124500.050709,-894.056136834
142.433265433,37.3377128323,124750.050639,-887.704511486
142.436088395,37.3377384428,125000.050567,-893.225316098
142.43891136,37.3377639862,125250.050496,-931.185224062
142.441734326,37.3377894626,125500.050423,-962.314362037
142.444557294,37.3378148719,125750.050351,-993.622911343
142.447380264,37.3378402141,126000.050277,-1030.1213569
142.450203236,37.3378654892,126250.050204,-1060.84551341
142.453026209,37.3378906973,126500.050129,-1086.47567719
142.455849185,37.3379158383,126750.050055,-1106.42903711
142.458672163,37.3379409122,127000.04998,-1110.02463629
142.461495142,37.3379659191,127250.049904,-1103.31983674
142.464318123,37.3379908589,127500.049828,-1089.70836781
142.467141106,37.3380157316,127750.049752,-1073.53602818
142.469964091,37.3380405372,128000.049675,-1060.53864262
142.472787078,37.3380652758,128250.049597,-1053.22449272
142.475610066,37.3380899473,128500.049519,-1050.94875363
142.478433057,37.3381145517,128750.049441,-1050.63331024
142.481256049,37.338139089,129000.049362,-1052.80042637
142.484079043,37.3381635593,129250.049283,-1063.02546143
142.486902039,37.3381879625,129500.049203,-1085.16570456
142.489725037,37.3382122986,129750.049123,-1111.58023445
142.492548036,37.3382365677,130000.049042,-1111.61043988
142.495371038,37.3382607697,130250.048961,-1127.24038701
142.498194041,37.3382849046,130500.048879,-1156.93481595
142.501017046,37.3383089724,130750.048797,-1182.96030084
142.503840053,37.3383329732,131000.048715,-1206.09988966
142.506663061,37.3383569069,131250.048632,-1221.82444775
142.509486072,37.3383807735,131500.048549,-1221.78485633
142.512309084,37.338404573,131750.048465,-1219.95301636
142.515132097,37.3384283055,132000.04838,-1215.87433971
142.517955113,37.3384519709,132250.048296,-1207.68927489
142.52077813,37.3384755692,132500.048211,-1192.78958537
142.52360115,37.3384991004,132750.048125,-1182.49781693
142.526424171,37.3385225646,133000.048039,-1189.93863816
142.529247193,37.3385459617,133250.047952,-1196.08162867
142.532070218,37.3385692917,133500.047865,-1212.46135061
142.534893244,37.3385925547,133750.047778,-1248.24541312
142.537716272,37.3386157505,134000.04769,-1305.37433347
142.540539301,37.3386388793,134250.047602,-1338.63315214
142.543362332,37.3386619411,134500.047513,-1319.42997964
142.546185365,37.3386849357,134750.047424,-1302.03357057
142.5490084,37.3387078633,135000.047335,-1283.19642718
142.551831437,37.3387307238,135250.047245,-1267.12200905
142.554654475,37.3387535172,135500.047154,-1283.54120108
142.557477515,37.3387762435,135750.047064,-1302.78822232
142.560300556,37.3387989028,136000.046972,-1313.14597689
142.563123599,37.338821495,136250.046881,-1311.07828588
142.565946644,37.3388440201,136500.046788,-1325.01181227
142.568769691,37.3388664782,136750.046696,-1353.72091531
142.571592739,37.3388888691,137000.046603,-1351.65300003
142.574415789,37.338911193,137250.04651,-1368.37008572
142.57723884,37.3389334498,137500.046416,-1399.48352302
142.580061894,37.3389556396,137750.046322,-1397.26153941
142.582884949,37.3389777622,138000.046227,-1413.51801063
142.585708005,37.3389998178,138250.046132,-1439.3765175
142.588531063,37.3390218063,138500.046037,-1435.05363929
142.591354123,37.3390437278,138750.045941,-1438.32839932
142.594177184,37.3390655821,139000.045844,-1451.29791088
142.597000248,37.3390873694,139250.045748,-1472.83410825
142.599823312,37.3391090896,139500.045651,-1495.08972451
142.602646378,37.3391307427,139750.045553,-1510.28082897
142.605469446,37.3391523288,140000.045455,-1506.91982183
142.608292516,37.3391738477,140250.045357,-1529.32023976
142.611115587,37.3391952996,140500.045258,-1552.23536199
142.61393866,37.3392166845,140750.045159,-1547.43232889
142.616761734,37.3392380022,141000.04506,-1583.47822649
142.61958481,37.3392592529,141250.04496,-1615.74157015
142.622407887,37.3392804365,141500.044859,-1609.81351193
142.625230966,37.339301553,141750.044759,-1653.33706031
142.628054047,37.3393226024,142000.044657,-1687.46518121
142.630877129,37.3393435847,142250.044556,-1681.56958499
142.633700213,37.3393645,142500.044454,-1725.28920767
142.636523298,37.3393853482,142750.044352,-1755.08559027
142.639346385,37.3394061293,143000.044249,-1750.16379015
142.642169474,37.3394268434,143250.044146,-1791.08820696
142.644992563,37.3394474903,143500.044043,-1815.24150136
142.647815655,37.3394680702,143750.043939,-1811.15931126
142.650638748,37.339488583,144000.043834,-1840.5521377
142.653461843,37.3395090288,144250.04373,-1863.92239767
142.656284939,37.3395294074,144500.043625,-1875.49478628
142.659108036,37.339549719,144750.043519,-1889.40286886
142.661931135,37.3395699635,145000.043414,-1909.33888095
142.664754236,37.3395901409,145250.043308,-1933.1428885
142.667577338,37.3396102512,145500.043201,-1949.79644552
142.670400442,37.3396302945,145750.043094,-1966.8857356
142.673223547,37.3396502706,146000.042987,-1985.25659179
142.676046653,37.3396701797,146250.042879,-2004.83844575
142.678869761,37.3396900218,146500.042771,-2022.96624307
142.681692871,37.3397097967,146750.042663,-2041.9142835
142.684515982,37.3397295046,147000.042554,-2066.52313947
142.687339094,37.3397491453,147250.042445,-2087.74734185
142.690162208,37.339768719,147500.042335,-2107.20968183
142.692985324,37.3397882257,147750.042225,-2127.05699651
142.69580844,37.3398076652,148000.042115,-2160.4478274
142.698631559,37.3398270377,148250.042005,-2194.28932853
142.701454678,37.339846343,148500.041894,-2214.83175893
142.7042778,37.3398655813,148750.041782,-2234.00163381
142.707100922,37.3398847526,149000.041671,-2251.95278927
142.709924046,37.3399038567,149250.041559,-2269.19082102
142.712747172,37.3399228938,149500.041446,-2286.89002108
142.715570298,37.3399418637,149750.041333,-2308.96139636
142.718393427,37.3399607666,150000.04122,-2337.15375504
142.721216556,37.3399796025,150250.041107,-2358.66930196
142.724039687,37.3399983712,150500.040993,-2378.85660709
142.72686282,37.3400170729,150750.040879,-2399.62611033
142.729685954,37.3400357074,151000.040764,-2419.47674361
142.732509089,37.3400542749,151250.040649,-2438.16440762
142.735332226,37.3400727753,151500.040534,-2457.9741659
142.738155364,37.3400912087,151750.040418,-2494.69395854
142.740978503,37.3401095749,152000.040303,-2520.05244812
142.743801644,37.3401278741,152250.040186,-2530.42379361
142.746624786,37.3401461062,152500.04007,-2539.242135
142.749447929,37.3401642712,152750.039953,-2554.76048298
142.752271074,37.3401823691,153000.039835,-2576.9300083
142.75509422,37.3402004,153250.039718,-2600.5126789
142.757917368,37.3402183638,153500.0396,-2618.07949324
142.760740517,37.3402362604,153750.039481,-2634.31454462
142.763563667,37.34025409,154000.039363,-2663.34941265
142.766386818,37.3402718526,154250.039244,-2694.51158721
142.769209971,37.340289548,154500.039125,-2718.46210832
142.772033125,37.3403071764,154750.039005,-2717.52157021
142.774856281,37.3403247376,155000.038885,-2755.02359594
142.777679438,37.3403422318,155250.038765,-2798.33671399
142.780502596,37.340359659,155500.038644,-2800.22979183
142.783325755,37.340377019,155750.038523,-2826.19364196
142.786148916,37.3403943119,156000.038402,-2860.89203669
142.788972078,37.3404115378,156250.03828,-2889.2123443
142.791795241,37.3404286966,156500.038158,-2920.48606236
142.794618405,37.3404457883,156750.038036,-2945.60771649
142.797441571,37.3404628129,157000.037913,-2958.33879407
142.800264738,37.3404797704,157250.03779,-2988.69308869
142.803087906,37.3404966609,157500.037667,-3012.19724321
142.805911076,37.3405134843,157750.037544,-3016.52452964
142.808734247,37.3405302406,158000.03742,-3025.34744938
142.811557419,37.3405469298,158250.037296,-3046.39057013
142.814380592,37.3405635519,158500.037171,-3084.08840246
142.817203767,37.3405801069,158750.037046,-3137.21244903
142.820026942,37.3405965949,159000.036921,-3190.36871213
142.822850119,37.3406130158,159250.036796,-3235.39914121
142.825673298,37.3406293696,159500.03667,-3262.1319675
142.828496477,37.3406456563,159750.036544,-3273.05503747
142.831319658,37.3406618759,160000.036418,-3272.80324163
142.834142839,37.3406780284,160250.036291,-3275.81300475
142.836966022,37.3406941139,160500.036164,-3281.58308055
142.839789207,37.3407101323,160750.036037,-3295.48185551
142.842612392,37.3407260836,161000.035909,-3333.60932891
142.845435579,37.3407419678,161250.035782,-3367.94397385
142.848258767,37.3407577849,161500.035654,-3399.86749786
142.851081955,37.3407735349,161750.035525,-3440.40705374
142.853905146,37.3407892179,162000.035396,-3473.77217914
142.856728337,37.3408048338,162250.035267,-3504.89722717
142.859551529,37.3408203825,162500.035138,-3544.86742538
142.862374723,37.3408358642,162750.035008,-3570.22350955
142.865197918,37.3408512789,163000.034879,-3582.68371238
142.868021114,37.3408666264,163250.034748,-3584.81365878
142.870844311,37.3408819069,163500.034618,-3590.98336926
142.873667509,37.3408971202,163750.034487,-3597.3633529
142.876490708,37.3409122665,164000.034356,-3600.29682922
142.879313909,37.3409273457,164250.034225,-3607.0634203
142.88213711,37.3409423578,164500.034093,-3624.58385786
142.884960313,37.3409573029,164750.033961,-3658.21863046
142.887783517,37.3409721808,165000.033829,-3702.30158353
142.890606722,37.3409869917,165250.033697,-3746.41037634
142.893429928,37.3410017354,165500.033564,-3782.78362064
142.896253135,37.3410164121,165750.033431,-3798.00736095
142.899076343,37.3410310217,166000.033298,-3808.12110007
142.901899553,37.3410455643,166250.033164,-3820.22855237
142.904722763,37.3410600397,166500.03303,-3833.54848938
142.907545974,37.3410744481,166750.032896,-3849.20232654
142.910369187,37.3410887893,167000.032762,-3867.69552061
142.9131924,37.3411030635,167250.032627,-3889.16103247
142.916015615,37.3411172706,167500.032492,-3912.12002116
142.918838831,37.3411314106,167750.032357,-3933.29906007
142.921662048,37.3411454835,168000.032222,-3940.98800482
142.924485265,37.3411594894,168250.032086,-3953.21223235
142.927308484,37.3411734281,168500.03195,-3974.37341655
142.930131704,37.3411872998,168750.031814,-4009.10728943
142.932954925,37.3412011044,169000.031677,-4045.12870854
142.935778147,37.3412148419,169250.03154,-4071.12574175
142.93860137,37.3412285123,169500.031403,-4064.85042131
142.941424594,37.3412421156,169750.031266,-4064.60612735
142.944247819,37.3412556519,170000.031129,-4074.68672765
142.947071045,37.341269121,170250.030991,-4098.11794062
142.949894272,37.3412825231,170500.030853,-4121.14455025
142.9527175,37.3412958581,170750.030715,-4142.28195475
142.955540729,37.341309126,171000.030576,-4159.97789309
142.958363959,37.3413223268,171250.030437,-4186.41898989
142.96118719,37.3413354605,171500.030298,-4213.30730324
142.964010422,37.3413485272,171750.030159,-4232.9989319
142.966833655,37.3413615267,172000.03002,-4236.56212628
142.969656889,37.3413744592,172250.02988,-4235.682729
142.972480124,37.3413873246,172500.02974,-4239.25985705
142.975303359,37.3414001229,172750.0296,-4257.21395417
142.978126596,37.3414128541,173000.029459,-4271.50143831
142.980949834,37.3414255182,173250.029318,-4272.98170311
142.983773072,37.3414381152,173500.029177,-4272.57270522
142.986596312,37.3414506452,173750.029036,-4279.25885529
142.989419552,37.341463108,174000.028895,-4296.55289372
142.992242794,37.3414755038,174250.028753,-4317.71519875
142.995066036,37.3414878325,174500.028611,-4337.14536985
142.997889279,37.3415000941,174750.028469,-4353.18018728
143.000712524,37.3415122886,175000.028327,-4370.1173549
143.003535769,37.3415244161,175250.028184,-4378.15455607
143.006359015,37.3415364764,175500.028041,-4378.51891293
143.009182262,37.3415484697,175750.027898,-4382.72261049
143.012005509,37.3415603958,176000.027755,-4389.15317353
143.014828758,37.3415722549,176250.027612,-4397.04039006
143.017652008,37.3415840469,176500.027468,-4404.92798139
143.020475258,37.3415957718,176750.027324,-4408.79984202
143.023298509,37.3416074296,177000.02718,-4409.33609611
143.026121761,37.3416190204,177250.027036,-4408.54674892
143.028945015,37.341630544,177500.026891,-4410.42813861
143.031768268,37.3416420006,177750.026746,-4412.37341254
143.034591523,37.34165339,178000.026601,-4409.54722203
143.037414779,37.3416647124,178250.026456,-4411.9278462
143.040238035,37.3416759677,178500.02631,-4415.38873107
143.043061292,37.3416871559,178750.026165,-4414.78010335
143.04588455,37.341698277,179000.026019,-4414.82675531
143.048707809,37.3417093311,179250.025873,-4415.11020094
143.051531069,37.341720318,179500.025727,-4415.31749641
143.05435433,37.3417312379,179750.02558,-4414.8784952
143.057177591,37.3417420906,180000.025433,-4414.21340152
143.060000853,37.3417528763,180250.025287,-4413.61496173
143.062824116,37.3417635949,180500.02514,-4413.39458871
143.06564738,37.3417742464,180750.024992,-4412.19623476
143.068470644,37.3417848308,181000.024845,-4409.47253702
143.07129391,37.3417953482,181250.024697,-4408.37939126
143.074117176,37.3418057984,181500.024549,-4402.97828252
143.076940443,37.3418161816,181750.024401,-4393.15466468
143.079763711,37.3418264976,182000.024253,-4393.90098365
143.082586979,37.3418367466,182250.024104,-4400.52570553
143.085410248,37.3418469285,182500.023956,-4411.34428886
143.088233518,37.3418570433,182750.023807,-4424.60650373
143.091056789,37.341867091,183000.023658,-4431.65173647
143.09388006,37.3418770716,183250.023509,-4432.27108605
143.096703332,37.3418869852,183500.023359,-4433.09108442
143.099526605,37.3418968316,183750.02321,-4431.54412011
143.102349879,37.341906611,184000.02306,-4429.41161239
143.105173153,37.3419163233,184250.02291,-4432.1151566
143.107996429,37.3419259684,184500.02276,-4431.87322229
143.110819704,37.3419355465,184750.022609,-4429.13282061
143.113642981,37.3419450575,185000.022459,-4424.79701063
143.116466258,37.3419545015,185250.022308,-4432.62992043
143.119289536,37.3419638783,185500.022157,-4455.73090343
143.122112815,37.341973188,185750.022006,-4499.51342422
143.124936094,37.3419824307,186000.021855,-4524.55139354
143.127759374,37.3419916062,186250.021704,-4534.93304437
143.130582655,37.3420007147,186500.021552,-4535.71152484
143.133405936,37.3420097561,186750.0214,-4537.93570817
143.136229218,37.3420187304,187000.021248,-4539.46462511
143.139052501,37.3420276376,187250.021096,-4538.69639699
143.141875784,37.3420364777,187500.020944,-4538.73373883
143.144699068,37.3420452507,187750.020792,-4538.53162456
143.147522353,37.3420539567,188000.020639,-4537.74881984
143.150345639,37.3420625955,188250.020486,-4538.81810256
143.153168924,37.3420711673,188500.020334,-4550.49365727
143.155992211,37.342079672,188750.020181,-4574.98697318
143.158815498,37.3420881095,189000.020027,-4588.26461927
143.161638786,37.34209648,189250.019874,-4592.46208059
143.164462075,37.3421047834,189500.01972,-4587.69462753
143.167285364,37.3421130197,189750.019567,-4575.36967023
143.170108654,37.342121189,190000.019413,-4560.7483404
143.172931944,37.3421292911,190250.019259,-4548.60950387
143.175755235,37.3421373262,190500.019105,-4549.9991589
143.178578526,37.3421452941,190750.018951,-4565.02523828
143.181401818,37.342153195,191000.018796,-4590.56105887
143.184225111,37.3421610288,191250.018642,-4619.21642529
143.187048404,37.3421687954,191500.018487,-4631.96588146
143.189871698,37.342176495,191750.018332,-4632.00418816
143.192694993,37.3421841275,192000.018177,-4634.61064482
143.195518288,37.342191693,192250.018022,-4630.52353163
143.198341583,37.3421991913,192500.017866,-4627.93147324
143.201164879,37.3422066225,192750.017711,-4642.6786274
143.203988176,37.3422139867,193000.017555,-4666.29021611
143.206811473,37.3422212837,193250.0174,-4688.83184168
143.209634771,37.3422285137,193500.017244,-4696.05538881
143.212458069,37.3422356766,193750.017088,-4713.51558138
143.215281368,37.3422427724,194000.016932,-4732.71366869
143.218104668,37.3422498011,194250.016775,-4743.74386098
143.220927967,37.3422567627,194500.016619,-4765.76641551
143.223751268,37.3422636572,194750.016463,-4787.82563763
143.226574569,37.3422704847,195000.016306,-4801.18411052
143.22939787,37.342277245,195250.016149,-4820.40806833
143.232221172,37.3422839382,195500.015992,-4837.33519045
143.235044475,37.3422905644,195750.015835,-4848.1991384
143.237867777,37.3422971235,196000.015678,-4871.13751595
143.240691081,37.3423036155,196250.015521,-4896.88710227
143.243514385,37.3423100403,196500.015363,-4920.65125926
143.246337689,37.3423163981,196750.015206,-4935.30395673
143.249160994,37.3423226889,197000.015048,-4952.05353568
143.251984299,37.3423289125,197250.01489,-4974.01446829
143.254807605,37.342335069,197500.014733,-4993.34507693
143.257630911,37.3423411584,197750.014575,-5020.87043834
143.260454218,37.3423471808,198000.014417,-5053.55944429
143.263277525,37.3423531361,198250.014258,-5066.87285212
143.266100832,37.3423590242,198500.0141,-5079.57231071
143.26892414,37.3423648453,198750.013942,-5091.80616344
143.271747449,37.3423705993,199000.013783,-5092.99053509
143.274570758,37.3423762862,199250.013624,-5096.00839986
143.277394067,37.342381906,199500.013466,-5101.09876996
143.280217376,37.3423874587,199750.013307,-5103.35810543
143.283040687,37.3423929443,200000.013148,-5115.21701793
143.285863997,37.3423983629,200250.012989,-5141.79271778
143.288687308,37.3424037143,200500.01283,-5190.25062401
143.291510619,37.3424089987,200750.01267,-5261.19090259
143.294333931,37.3424142159,201000.012511,-5304.24345009
143.297157243,37.3424193661,201250.012351,-5246.8636939
143.299980555,37.3424244492,201500.012192,-5264.3783646
143.302803868,37.3424294652,201750.012032,-5297.81942443
143.305627181,37.3424344141,202000.011872,-5285.27402085
143.308450495,37.3424392959,202250.011713,-5323.89004437
143.311273809,37.3424441106,202500.011553,-5359.84635854
143.314097123,37.3424488582,202750.011393,-5354.36930787
143.316920438,37.3424535388,203000.011233,-5408.45601625
143.319743753,37.3424581522,203250.011072,-5449.1435863
143.322567068,37.3424626986,203500.010912,-5441.73740287
143.325390384,37.3424671778,203750.010752,-5508.76361915
143.3282137,37.34247159,204000.010591,-5552.19993845
143.331037016,37.3424759351,204250.010431,-5545.32562521
143.333860333,37.3424802131,204500.01027,-5637.27826256
143.33668365,37.342484424,204750.010109,-5690.82130288
143.339506967,37.3424885678,205000.009949,-5685.39782134
143.342330285,37.3424926445,205250.009788,-5771.08911635
143.345153602,37.3424966542,205500.009627,-5818.19049681
143.347976921,37.3425005967,205750.009466,-5822.17152048
143.350800239,37.3425044721,206000.009305,-5891.378887
143.353623558,37.3425082805,206250.009144,-5949.56464769
143.356446877,37.3425120218,206500.008982,-5991.35712476
143.359270196,37.3425156959,206750.008821,-6037.35884849
143.362093516,37.342519303,207000.00866,-6089.82972498
143.364916836,37.342522843,207250.008498,-6141.87561552
143.367740156,37.3425263159,207500.008337,-6176.1245675
143.370563476,37.3425297217,207750.008175,-6213.90793925
143.373386797,37.3425330604,208000.008014,-6249.71305248
143.376210117,37.3425363321,208250.007852,-6272.00198985
143.379033439,37.3425395366,208500.00769,-6282.90114242
143.38185676,37.3425426741,208750.007528,-6288.77414888
143.384680081,37.3425457444,209000.007367,-6297.76889578
143.387503403,37.3425487477,209250.007205,-6302.13512336
143.390326725,37.3425516838,209500.007043,-6305.9236081
143.393150048,37.3425545529,209750.006881,-6313.06396647
143.39597337,37.3425573549,210000.006719,-6342.42673373
143.398796693,37.3425600898,210250.006556,-6381.64592255
143.401620015,37.3425627576,210500.006394,-6421.34874123
143.404443339,37.3425653583,210750.006232,-6464.28251712
143.407266662,37.342567892,211000.00607,-6486.81434956
143.410089985,37.3425703585,211250.005907,-6476.65323166
143.412913309,37.3425727579,211500.005745,-6462.5652587
143.415736633,37.3425750903,211750.005583,-6444.3053893
143.418559957,37.3425773556,212000.00542,-6424.77571671
143.421383281,37.3425795537,212250.005258,-6415.26869876
143.424206605,37.3425816848,212500.005095,-6411.46064057
143.427029929,37.3425837488,212750.004933,-6410.51844559
143.429853254,37.3425857457,213000.00477,-6403.16322207
143.432676579,37.3425876755,213250.004607,-6397.07184924
143.435499904,37.3425895382,213500.004445,-6399.8623011
143.438323229,37.3425913338,213750.004282,-6435.07996626
143.441146554,37.3425930623,214000.004119,-6467.81196899
143.443969879,37.3425947238,214250.003956,-6494.55776091
143.446793204,37.3425963181,214500.003794,-6522.49536703
143.44961653,37.3425978454,214750.003631,-6554.75813357
143.452439856,37.3425993055,215000.003468,-6588.65480678
143.455263181,37.3426006986,215250.003305,-6617.54358313
143.458086507,37.3426020246,215500.003142,-6645.06376935
143.460909833,37.3426032835,215750.002979,-6676.71283437
143.463733159,37.3426044753,216000.002816,-6721.90805077
143.466556485,37.3426056,216250.002653,-6757.38396057
143.469379811,37.3426066576,216500.00249,-6789.923973
143.472203138,37.3426076481,216750.002327,-6829.07047383
143.475026464,37.3426085716,217000.002164,-6858.29184726
143.47784979,37.3426094279,217250.002001,-6877.50789062
143.480673117,37.3426102172,217500.001838,-6886.60688365
143.483496443,37.3426109393,217750.001675,-6906.21910692
143.48631977,37.3426115944,218000.001511,-6929.2542593
143.489143096,37.3426121824,218250.001348,-6951.03192452
143.491966423,37.3426127033,218500.001185,-6971.60416458
143.49478975,37.342613157,218750.001022,-6989.98582739
143.497613076,37.3426135437,219000.000859,-7005.99790811
143.500436403,37.3426138634,219250.000696,-7025.52300038
143.50325973,37.3426141159,219500.000533,-7040.48732279
143.506083057,37.3426143013,219750.000369,-7047.82132046
143.508906384,37.3426144196,220000.000206,-7049.77413385
143.51172971,37.3426144709,220250.000043,-7051.34051869
143.514553037,37.342614455,220499.99988,-7054.1539088
143.517376364,37.3426143721,220749.999717,-7058.3942286
143.520199691,37.3426142221,220999.999554,-7051.78124006
143.523023018,37.3426140049,221249.99939,-7043.03898964
143.525846344,37.3426137207,221499.999227,-7074.93084898
143.528669671,37.3426133694,221749.999064,-7105.32100044
143.531492998,37.342612951,221999.998901,-7131.32432774
143.534316324,37.3426124655,222249.998738,-7164.0410351
143.537139651,37.342611913,222499.998575,-7192.45327403
143.539962978,37.3426112933,222749.998411,-7211.21001876
143.542786304,37.3426106065,222999.998248,-7211.96315774
143.545609631,37.3426098527,223249.998085,-7202.58780967
143.548432957,37.3426090317,223499.997922,-7193.86476806
143.551256284,37.3426081437,223749.997759,-7202.52002331
143.55407961,37.3426071886,223999.997596,-7194.30442763
143.556902936,37.3426061664,224249.997433,-7187.70991676
143.559726262,37.342605077,224499.99727,-7204.9106647
143.562549588,37.3426039206,224749.997107,-7253.9643263
143.565372914,37.3426026972,224999.996944,-7301.61956552
143.56819624,37.3426014066,225249.996781,-7317.64455907
143.571019566,37.3426000489,225499.996618,-7319.42566097
143.573842892,37.3425986241,225749.996455,-7316.51725352
143.576666217,37.3425971323,225999.996292,-7316.32167957
143.579489543,37.3425955733,226249.99613,-7317.28615255
143.582312868,37.3425939473,226499.995967,-7317.54179871
143.585136193,37.3425922541,226749.995804,-7316.15073751
143.587959518,37.3425904939,226999.995641,-7314.89866551
143.590782843,37.3425886666,227249.995479,-7311.17854739
143.593606168,37.3425867722,227499.995316,-7304.40653313
143.596429493,37.3425848107,227749.995153,-7296.69022339
143.599252817,37.3425827821,227999.994991,-7293.46466107
143.602076142,37.3425806864,228249.994828,-7296.36959083
143.604899466,37.3425785237,228499.994666,-7305.04253922
143.60772279,37.3425762938,228749.994503,-7311.57087221
143.610546114,37.3425739968,228999.994341,-7314.62068364
143.613369437,37.3425716328,229249.994178,-7316.45670009
143.616192761,37.3425692017,229499.994016,-7316.59131154
143.619016084,37.3425667034,229749.993854,-7314.96869766
143.621839407,37.3425641381,229999.993691,-7311.81943023
143.62466273,37.3425615057,230249.993529,-7303.82294149
143.627486053,37.3425588062,230499.993367,-7294.72477481
143.630309376,37.3425560396,230749.993205,-7291.35717348
143.633132698,37.3425532059,230999.993043,-7297.59928635
143.63595602,37.3425503051,231249.992881,-7313.54134831
143.638779342,37.3425473373,231499.992719,-7339.79407797
143.641602664,37.3425443023,231749.992557,-7359.5860456
143.644425985,37.3425412003,231999.992395,-7376.75740901
143.647249306,37.3425380311,232249.992233,-7396.03745384
143.650072627,37.3425347949,232499.992072,-7409.95790464
143.652895948,37.3425314916,232749.99191,-7420.45315789
143.655719269,37.3425281212,232999.991748,-7429.30552042
143.658542589,37.3425246837,233249.991587,-7442.05600613
143.661365909,37.3425211791,233499.991425,-7469.68644271
143.664189229,37.3425176074,233749.991264,-7517.85762385
143.667012548,37.3425139686,233999.991103,-7550.74307976
143.669835867,37.3425102627,234249.990941,-7574.77528127
143.672659186,37.3425064898,234499.99078,-7596.20771181
143.675482505,37.3425026497,234749.990619,-7656.40422373
143.678305823,37.3424987426,234999.990458,-7710.50207554
143.681129141,37.3424947684,235249.990297,-7741.39641908
143.683952459,37.342490727,235499.990136,-7748.48793067
143.686775776,37.3424866186,235749.989975,-7753.65496813
143.689599093,37.3424824431,235999.989815,-7762.58478494
143.69242241,37.3424782005,236249.989654,-7770.56586654
143.695245727,37.3424738908,236499.989493,-7771.47660281
143.698069043,37.3424695141,236749.989333,-7768.34635699
143.700892359,37.3424650702,236999.989173,-7775.32114649
143.703715674,37.3424605592,237249.989012,-7784.08359317
143.706538989,37.3424559812,237499.988852,-7791.94108583
143.709362304,37.342451336,237749.988692,-7795.10300081
143.712185618,37.3424466238,237999.988532,-7795.55645026
143.715008933,37.3424418445,238249.988372,-7795.67109256
143.717832246,37.3424369981,238499.988212,-7799.43353891
143.72065556,37.3424320846,238749.988052,-7803.97314772
143.723478873,37.342427104,238999.987892,-7806.55560531
143.726302185,37.3424220563,239249.987733,-7803.52753649
143.729125498,37.3424169415,239499.987573,-7799.52703377
143.73194881,37.3424117596,239749.987414,-7792.5074041
143.734772121,37.3424065107,239999.987254,-7780.40279177
143.737595432,37.3424011946,240249.987095,-7746.65562814
143.740418743,37.3423958115,240499.986936,-7720.81567832
143.743242053,37.3423903613,240749.986777,-7726.27908481
143.746065363,37.3423848439,240999.986618,-7713.38913365
143.748888673,37.3423792595,241249.986459,-7675.17649276
143.751711982,37.342373608,241499.986301,-7608.37995141
143.75453529,37.3423678894,241749.986142,-7559.12352437
143.757358598,37.3423621038,241999.985984,-7521.12102331
143.760181906,37.342356251,242249.985825,-7492.47878605
143.763005214,37.3423503311,242499.985667,-7466.49538427
143.76582852,37.3423443442,242749.985509,-7443.79818301
143.768651827,37.3423382901,242999.985351,-7424.21391258
143.771475133,37.342332169,243249.985193,-7407.70192229
143.774298438,37.3423259808,243499.985035,-7392.08085044
143.777121743,37.3423197255,243749.984877,-7377.12361493
143.779945048,37.3423134031,243999.98472,-7365.11938386
143.782768352,37.3423070136,244249.984562,-7352.18160524
143.785591656,37.342300557,244499.984405,-7337.75853552
143.788414959,37.3422940333,244749.984248,-7322.40240801
143.791238262,37.3422874425,244999.984091,-7307.95691646
143.794061564,37.3422807847,245249.983934,-7294.77501568
143.796884865,37.3422740597,245499.983777,-7282.89151234
143.799708167,37.3422672677,245749.98362,-7273.94966948
143.802531467,37.3422604086,245999.983463,-7261.2048507
143.805354767,37.3422534824,246249.983307,-7232.1613314
143.808178067,37.3422464891,246499.983151,-7202.1383405
143.811001366,37.3422394287,246749.982995,-7174.88058811
143.813824665,37.3422323012,246999.982838,-7154.41341057
143.816647963,37.3422251066,247249.982683,-7139.13368559
143.81947126,37.342217845,247499.982527,-7127.65033883
143.822294557,37.3422105162,247749.982371,-7118.56965308
143.825117854,37.3422031204,247999.982216,-7105.19705039
143.82794115,37.3421956574,248249.98206,-7091.1647407
143.830764445,37.3421881274,248499.981905,-7079.09134868
143.83358774,37.3421805303,248749.98175,-7066.07355299
143.836411034,37.3421728661,248999.981595,-7047.36297158
143.839234327,37.3421651348,249249.98144,-7021.34645374
143.84205762,37.3421573364,249499.981285,-7008.58505856
143.844880913,37.3421494709,249749.981131,-6998.33542995
143.847704205,37.3421415384,249999.980977,-6986.65786805
143.850527496,37.3421335387,250249.980822,-6978.87024271
143.853350787,37.342125472,250499.980668,-6968.79099347
143.856174077,37.3421173382,250749.980514,-6954.91180784
143.858997366,37.3421091372,250999.980361,-6940.49516983
143.861820655,37.3421008692,251249.980207,-6928.83882258
143.864643943,37.3420925341,251499.980054,-6919.66981801
143.867467231,37.342084132,251749.9799,-6908.17709796
143.870290518,37.3420756627,251999.979747,-6894.53453089
143.873113804,37.3420671263,252249.979594,-6880.16346452
143.87593709,37.3420585229,252499.979441,-6869.44529189
143.878760375,37.3420498523,252749.979289,-6858.48686358
143.881583659,37.3420411147,252999.979136,-6846.10680515
143.884406943,37.34203231,253249.978984,-6830.24995377
143.887230226,37.3420234382,253499.978832,-6819.0102064
143.890053508,37.3420144993,253749.97868,-6810.81030192
143.89287679,37.3420054933,253999.978528,-6802.28010938
143.895700071,37.3419964202,254249.978376,-6788.99464928
143.898523351,37.34198728,254499.978225,-6776.58097594
143.901346631,37.3419780728,254749.978073,-6772.60232435
143.90416991,37.3419687984,254999.977922,-6766.48362155
143.906993188,37.341959457,255249.977771,-6768.3549692
143.909816466,37.3419500485,255499.977621,-6788.30718161
143.912639743,37.3419405729,255749.97747,-6838.78631242
143.915463019,37.3419310302,255999.97732,-6876.51737186
143.918286295,37.3419214204,256249.977169,-6870.0698151
143.921109569,37.3419117435,256499.977019,-6882.32345317
143.923932843,37.3419019995,256749.976869,-6889.96167704
143.926756117,37.3418921885,256999.97672,-6882.82130378
143.929579389,37.3418823104,257249.97657,-6882.28811672
143.932402661,37.3418723651,257499.976421,-6879.88593312
143.935225932,37.3418623528,257749.976272,-6872.25706334
143.938049203,37.3418522734,257999.976123,-6858.37237832
143.940872472,37.3418421269,258249.975974,-6844.19187658
143.943695741,37.3418319133,258499.975825,-6832.08706172
143.946519009,37.3418216327,258749.975677,-6823.84642512
143.949342277,37.3418112849,258999.975529,-6813.40195152
143.952165543,37.3418008701,259249.975381,-6800.4284524
143.954988809,37.3417903881,259499.975233,-6788.23762319
143.957812074,37.3417798391,259749.975086,-6783.33210137
143.960635338,37.341769223,259999.974938,-6782.67264007
143.963458601,37.3417585398,260249.974791,-6774.12609161
143.966281864,37.3417477895,260499.974644,-6767.08669822
143.969105126,37.3417369721,260749.974497,-6762.80426485
143.971928387,37.3417260877,260999.974351,-6764.58585031
143.974751647,37.3417151361,261249.974204,-6741.56109709
143.977574906,37.3417041175,261499.974058,-6702.04383258
143.980398165,37.3416930318,261749.973912,-6661.33139211
143.983221422,37.3416818789,261999.973766,-6627.40840515
143.986044679,37.341670659,262249.973621,-6603.95400934
143.988867935,37.3416593721,262499.973475,-6595.22722618
143.991691191,37.341648018,262749.97333,-6590.3550516
143.994514445,37.3416365968,262999.973185,-6585.46686534
143.997337698,37.3416251086,263249.973041,-6576.82589164
144.000160951,37.3416135532,263499.972896,-6565.94524812
144.002984203,37.3416019308,263749.972752,-6559.543915
144.005807454,37.3415902413,263999.972608,-6561.88340955
144.008630704,37.3415784847,264249.972464,-6552.27434556
144.011453953,37.341566661,264499.972321,-6542.96623997
144.014277201,37.3415547702,264749.972177,-6539.60271738
144.017100448,37.3415428124,264999.972034,-6533.93515314
144.019923695,37.3415307874,265249.971891,-6522.10332949
144.02274694,37.3415186954,265499.971748,-6505.12468042
144.025570185,37.3415065363,265749.971606,-6504.81921695
144.028393429,37.3414943101,265999.971464,-6506.22122132
144.031216672,37.3414820168,266249.971322,-6503.66761145
144.034039913,37.3414696564,266499.97118,-6490.7335532
144.036863154,37.3414572289,266749.971038,-6483.55938258
144.039686395,37.3414447344,266999.970897,-6482.81149823
144.042509634,37.3414321727,267249.970756,-6476.46959147
144.045332872,37.341419544,267499.970615,-6473.17873165
144.048156109,37.3414068482,267749.970475,-6471.70734298
144.050979345,37.3413940853,267999.970334,-6465.27206523
144.053802581,37.3413812553,268249.970194,-6458.28426543
144.056625815,37.3413683582,268499.970054,-6451.12544276
144.059449049,37.3413553941,268749.969915,-6443.46655573
144.062272281,37.3413423628,268999.969775,-6436.51417307
144.065095512,37.3413292645,269249.969636,-6430.00958402
144.067918743,37.3413160991,269499.969497,-6423.50110943
144.070741973,37.3413028666,269749.969358,-6416.63503128
144.073565201,37.341289567,269999.96922,-6409.24062809
144.076388429,37.3412762003,270249.969082,-6401.27632486
144.079211655,37.3412627665,270499.968944,-6391.70512288
144.082034881,37.3412492657,270749.968806,-6380.30071512
144.084858105,37.3412356977,270999.968669,-6366.94512552
144.087681329,37.3412220627,271249.968532,-6354.43863154
144.090504551,37.3412083606,271499.968395,-6341.6619572
144.093327773,37.3411945914,271749.968258,-6327.98818857
144.096150993,37.3411807551,271999.968122,-6316.34778258
144.098974212,37.3411668518,272249.967986,-6305.64623142
144.101797431,37.3411528813,272499.96785,-6295.40369185
144.104620648,37.3411388438,272749.967714,-6284.94212261
144.107443864,37.3411247392,272999.967579,-6275.33566206
144.11026708,37.3411105675,273249.967444,-6266.83961163
144.113090294,37.3410963287,273499.967309,-6258.18301663
144.115913507,37.3410820228,273749.967175,-6250.17093758
144.118736719,37.3410676499,273999.967041,-6243.05528637
144.12155993,37.3410532098,274249.966907,-6236.55867082
144.12438314,37.3410387027,274499.966773,-6233.75119618
144.127206348,37.3410241285,274749.966639,-6234.46809852
144.130029556,37.3410094872,274999.966506,-6235.83018165
144.132852763,37.3409947788,275249.966373,-6237.95780403
144.135675968,37.3409800033,275499.966241,-6239.29058361
144.138499173,37.3409651608,275749.966108,-6234.1015337
144.141322376,37.3409502511,275999.965976,-6243.61431559
144.144145578,37.3409352744,276249.965845,-6262.99088636
144.146968779,37.3409202306,276499.965713,-6279.32326051
144.149791979,37.3409051197,276749.965582,-6287.40750753
144.152615178,37.3408899417,276999.965451,-6289.19711435
144.155438376,37.3408746967,277249.96532,-6288.14093522
144.158261572,37.3408593845,277499.96519,-6285.25899438
144.161084768,37.3408440053,277749.96506,-6280.5912316
144.163907962,37.340828559,277999.96493,-6274.01043602
144.166731155,37.3408130456,278249.964801,-6271.52134056
144.169554347,37.3407974651,278499.964672,-6272.14062855
144.172377538,37.3407818176,278749.964543,-6275.12651524
144.175200727,37.3407661029,278999.964414,-6281.0848719
144.178023916,37.3407503212,279249.964286,-6284.45848433
144.180847103,37.3407344724,279499.964158,-6281.61845041
144.183670289,37.3407185565,279749.96403,-6275.40862252
144.186493474,37.3407025735,279999.963903,-6266.57984329
144.189316657,37.3406865234,280249.963776,-6255.88158642
144.19213984,37.3406704063,280499.963649,-6244.30738547
144.194963021,37.3406542221,280749.963522,-6234.18088748
144.197786201,37.3406379707,280999.963396,-6226.1305909
144.20060938,37.3406216523,281249.96327,-6217.01530894
144.203432558,37.3406052669,281499.963145,-6209.20614452
144.206255734,37.3405888143,281749.96302,-6202.30619841
144.209078909,37.3405722946,281999.962895,-6190.62070523
144.211902083,37.3405557079,282249.96277,-6182.93679933
144.214725256,37.3405390541,282499.962646,-6180.56791798
144.217548427,37.3405223332,282749.962522,-6182.60792764
144.220371598,37.3405055452,282999.962398,-6179.37871907
144.223194767,37.3404886902,283249.962275,-6170.78413706
144.226017934,37.340471768,283499.962151,-6159.95696453
144.228841101,37.3404547788,283749.962029,-6151.85039689
144.231664266,37.3404377225,283999.961906,-6145.75138266
144.23448743,37.3404205991,284249.961784,-6139.84576653
144.237310592,37.3404034086,284499.961662,-6127.26939191
144.240133754,37.3403861511,284749.961541,-6113.85112015
144.242956914,37.3403688264,284999.96142,-6108.50568357
144.245780072,37.3403514347,285249.961299,-6103.89056196
144.24860323,37.3403339759,285499.961179,-6100.54289685
144.251426386,37.34031645,285749.961058,-6099.23162004
144.254249541,37.340298857,285999.960939,-6095.94487546
144.257072694,37.340281197,286249.960819,-6092.56688003
144.259895847,37.3402634699,286499.9607,-6090.60618417
144.262718997,37.3402456757,286749.960581,-6088.32737632
144.265542147,37.3402278144,286999.960463,-6084.63587413
144.268365295,37.340209886,287249.960344,-6079.04270708
144.271188442,37.3401918905,287499.960227,-6076.03149176
144.274011588,37.340173828,287749.960109,-6073.80868712
144.276834732,37.3401556984,287999.959992,-6071.70133845
144.279657875,37.3401375017,288249.959875,-6070.82375877
144.282481016,37.3401192379,288499.959759,-6070.17394698
144.285304156,37.340100907,288749.959643,-6069.48377121
144.288127295,37.3400825091,288999.959527,-6069.80556317
144.290950432,37.3400640441,289249.959411,-6068.25334784
144.293773568,37.3400455119,289499.959296,-6064.54251823
144.296596703,37.3400269128,289749.959182,-6060.81617248
144.299419836,37.3400082465,289999.959067,-6058.36481646
144.302242968,37.3399895131,290249.958953,-6057.74639954
144.305066098,37.3399707127,290499.95884,-6059.28039279
144.307889227,37.3399518452,290749.958726,-6063.50713755
144.310712355,37.3399329106,290999.958613,-6069.93433213
144.313535481,37.339913909,291249.958501,-6077.91705468
144.316358606,37.3398948402,291499.958388,-6082.57236091
144.319181729,37.3398757044,291749.958277,-6083.78525289
144.322004851,37.3398565015,291999.958165,-6082.04099328
144.324827972,37.3398372315,292249.958054,-6080.75081558
144.327651091,37.3398178944,292499.957943,-6079.55137978
144.330474208,37.3397984903,292749.957833,-6077.68554723
144.333297324,37.339779019,292999.957723,-6075.41336904
144.336120439,37.3397594807,293249.957613,-6071.90241721
144.338943552,37.3397398753,293499.957504,-6066.18615877
144.341766664,37.3397202029,293749.957395,-6062.16177876
144.344589774,37.3397004633,293999.957286,-6059.36690834
144.347412883,37.3396806567,294249.957178,-6057.46522572
144.350235991,37.339660783,294499.95707,-6054.95720049
144.353059096,37.3396408422,294749.956962,-6051.90807676
144.355882201,37.3396208343,294999.956855,-6048.41199352
144.358705304,37.3396007594,295249.956749,-6046.2928001
144.361528405,37.3395806174,295499.956642,-6043.75441609
144.364351505,37.3395604083,295749.956536,-6040.20401628
144.367174603,37.3395401321,295999.956431,-6037.92022177
144.3699977,37.3395197888,296249.956326,-6036.30855533
144.372820796,37.3394993785,296499.956221,-6034.94513334
144.375643889,37.3394789011,296749.956116,-6032.25719556
144.378466982,37.3394583566,296999.956012,-6029.79193477
144.381290072,37.339437745,297249.955909,-6027.80670401
144.384113162,37.3394170664,297499.955805,-6025.68846849
144.386936249,37.3393963206,297749.955702,-6023.98787135
144.389759335,37.3393755078,297999.9556,-6022.80843624
144.39258242,37.3393546279,298249.955498,-6022.00866006
144.395405503,37.339333681,298499.955396,-6022.76816036
144.398228584,37.3393126669,298749.955295,-6023.89417393
144.401051664,37.3392915858,298999.955194,-6022.3214796
144.403874743,37.3392704376,299249.955093,-6020.91934907
144.406697819,37.3392492224,299499.954993,-6018.74109639
144.409520894,37.33922794,299749.954893,-6013.75550202
144.412343968,37.3392065906,299999.954794,-6007.20168711
144.41516704,37.3391851741,300249.954695,-6000.59756913
144.41799011,37.3391636905,300499.954597,-5995.91216516
144.420813179,37.3391421398,300749.954498,-5990.62923736
144.423636246,37.3391205221,300999.954401,-5985.35373936
144.426459312,37.3390988373,301249.954303,-5980.71427448
144.429282376,37.3390770854,301499.954207,-5977.36360632
144.432105438,37.3390552664,301749.95411,-5973.27605913
144.434928499,37.3390333804,301999.954014,-5966.81862845
144.437751558,37.3390114273,302249.953918,-5958.29794336
144.440574615,37.3389894071,302499.953823,-5951.1197688
144.443397671,37.3389673198,302749.953728,-5947.03383508
144.446220725,37.3389451654,302999.953634,-5940.59100758
144.449043777,37.338922944,303249.95354,-5933.93126361
144.451866828,37.3389006555,303499.953446,-5928.01727734
144.454689877,37.3388782999,303749.953353,-5923.75605692
144.457512925,37.3388558773,303999.95326,-5920.94250849
144.46033597,37.3388333875,304249.953168,-5919.02802507
144.463159015,37.3388108307,304499.953076,-5914.99830141
144.465982057,37.3387882069,304749.952985,-5913.44102048
144.468805098,37.3387655159,304999.952894,-5914.2518872
144.471628137,37.3387427579,305249.952803,-5912.55692189
144.474451174,37.3387199328,305499.952713,-5910.50482348
144.47727421,37.3386970406,305749.952623,-5908.48567367
144.480097244,37.3386740813,305999.952534,-5906.73004696
144.482920276,37.338651055,306249.952445,-5903.85574847
144.485743306,37.3386279616,306499.952356,-5899.25932281
144.488566335,37.3386048011,306749.952268,-5892.36417579
144.491389362,37.3385815735,306999.952181,-5879.03411635
144.494212387,37.3385582789,307249.952093,-5862.679309
144.497035411,37.3385349172,307499.952007,-5849.82680841
144.499858433,37.3385114884,307749.95192,-5832.84700064
144.502681453,37.3384879926,307999.951835,-5818.81134998
144.505504471,37.3384644296,308249.951749,-5817.2307532
144.508327488,37.3384407996,308499.951664,-5816.44169581
144.511150503,37.3384171026,308749.95158,-5817.72074916
144.513973516,37.3383933384,308999.951496,-5822.39081854
144.516796527,37.3383695072,309249.951412,-5826.82238975
144.519619536,37.3383456089,309499.951329,-5828.91642432
144.522442544,37.3383216435,309749.951246,-5826.98473085
144.52526555,37.3382976111,309999.951164,-5823.53926799
144.528088554,37.3382735115,310249.951082,-5821.12859039
144.530911556,37.3382493449,310499.951001,-5821.1950499
144.533734557,37.3382251113,310749.95092,-5820.47775614
144.536557555,37.3382008105,310999.950839,-5817.6307268
144.539380552,37.3381764427,311249.950759,-5812.09945212
144.542203547,37.3381520078,311499.95068,-5806.59429222
144.545026541,37.3381275059,311749.950601,-5800.75539665
144.547849532,37.3381029368,311999.950522,-5793.8167237
144.550672522,37.3380783007,312249.950444,-5779.91400317
144.553495509,37.3380535976,312499.950366,-5768.12210838
144.556318495,37.3380288273,312749.950289,-5759.58960266
144.559141479,37.33800399,312999.950212,-5749.28444673
144.561964461,37.3379790856,313249.950136,-5739.87112183
144.564787442,37.3379541141,313499.95006,-5730.96259062
144.56761042,37.3379290756,313749.949985,-5720.08607513
144.570433397,37.33790397,313999.94991,-5711.43136391
144.573256372,37.3378787973,314249.949835,-5703.56688184
144.576079344,37.3378535575,314499.949762,-5692.2793687
144.578902315,37.3378282507,314749.949688,-5682.82620756
144.581725284,37.3378028768,314999.949615,-5675.82076507
144.584548252,37.3377774358,315249.949543,-5671.53363588
144.587371217,37.3377519278,315499.949471,-5670.00161523
144.59019418,37.3377263527,315749.949399,-5668.91962258
144.593017142,37.3377007105,315999.949328,-5664.93783159
144.595840101,37.3376750012,316249.949257,-5669.22452123
144.598663059,37.3376492249,316499.949187,-5678.22444334
144.601486015,37.3376233815,316749.949118,-5688.66627758
144.604308968,37.3375974711,316999.949048,-5685.36378112
144.60713192,37.3375714935,317249.94898,-5677.65628629
144.60995487,37.3375454489,317499.948912,-5672.47961681
144.612777818,37.3375193372,317749.948844,-5670.06222641
144.615600764,37.3374931585,317999.948777,-5668.09239246
144.618423708,37.3374669127,318249.94871,-5664.80453602
144.62124665,37.3374405998,318499.948644,-5652.73054093
144.624069591,37.3374142198,318749.948578,-5649.43542627
144.626892529,37.3373877728,318999.948513,-5659.68536705
144.629715465,37.3373612587,319249.948448,-5661.5588562
144.632538399,37.3373346775,319499.948384,-5660.71452027
144.635361331,37.3373080293,319749.94832,-5659.26120588
144.638184262,37.337281314,319999.948257,-5660.11250445
144.64100719,37.3372545316,320249.948195,-5668.95815203
144.643830116,37.3372276822,320499.948132,-5681.26575158
144.64665304,37.3372007656,320749.948071,-5673.39134308
144.649475963,37.3371737821,320999.94801,-5671.52303336
144.652298883,37.3371467314,321249.947949,-5673.3476791
144.655121801,37.3371196137,321499.947889,-5658.2652196
144.657944717,37.3370924289,321749.947829,-5647.35013165
144.660767631,37.337065177,321999.94777,-5642.66867058
144.663590544,37.3370378581,322249.947711,-5644.01701219
144.666413454,37.3370104721,322499.947653,-5646.27551341
144.669236362,37.3369830191,322749.947596,-5650.28913555
144.672059268,37.3369554989,322999.947539,-5659.87549976
144.674882172,37.3369279117,323249.947482,-5651.48613508
144.677705074,37.3369002575,323499.947426,-5636.04353543
144.680527973,37.3368725361,323749.94737,-5627.95900754
144.683350871,37.3368447477,323999.947315,-5623.49814066
144.686173767,37.3368168923,324249.947261,-5622.37164874
144.68899666,37.3367889697,324499.947207,-5624.19746007
144.691819552,37.3367609801,324749.947154,-5623.93983546
144.694642441,37.3367329234,324999.947101,-5623.90577944
144.697465329,37.3367047997,325249.947048,-5625.56088386
144.700288214,37.3366766089,325499.946996,-5626.83353987
144.703111097,37.336648351,325749.946945,-5630.61107173
144.705933978,37.3366200261,325999.946894,-5637.31820631
144.708756857,37.3365916341,326249.946844,-5629.88773891
144.711579734,37.336563175,326499.946794,-5626.64902649
144.714402608,37.3365346489,326749.946745,-5633.38011246
144.717225481,37.3365060557,326999.946697,-5633.48178902
144.720048351,37.3364773954,327249.946648,-5634.19823489
144.72287122,37.3364486681,327499.946601,-5636.94493893
144.725694086,37.3364198737,327749.946554,-5638.23761723
144.72851695,37.3363910122,327999.946507,-5639.57197684
144.731339812,37.3363620837,328249.946461,-5639.03775103
144.734162671,37.3363330881,328499.946416,-5627.4255986
144.736985529,37.3363040254,328749.946371,-5623.69589956
144.739808384,37.3362748957,328999.946327,-5627.33745211
144.742631237,37.3362456989,329249.946283,-5629.38106541
144.745454088,37.336216435,329499.94624,-5620.58587052
144.748276937,37.3361871041,329749.946197,-5604.856554
144.751099784,37.3361577061,329999.946155,-5591.52065586
144.753922628,37.336128241,330249.946114,-5593.01337939
144.75674547,37.3360987089,330499.946073,-5601.27214708
144.75956831,37.3360691097,330749.946032,-5601.37186245
144.762391148,37.3360394435,330999.945992,-5607.36342083
144.765213984,37.3360097102,331249.945953,-5615.42266895
144.768036817,37.3359799098,331499.945914,-5620.29284761
144.770859648,37.3359500424,331749.945876,-5625.63981404
144.773682477,37.3359201079,331999.945838,-5630.80448312
144.776505304,37.3358901063,332249.945801,-5634.59361403
144.779328128,37.3358600377,332499.945765,-5639.34026793
144.78215095,37.335829902,332749.945729,-5643.62507539
144.78497377,37.3357996992,332999.945693,-5646.35843474
144.787796588,37.3357694294,333249.945659,-5655.19869839
144.790619404,37.3357390925,333499.945624,-5657.09205754
144.793442217,37.3357086886,333749.945591,-5646.89354966
144.796265028,37.3356782176,333999.945558,-5649.76952104
144.799087836,37.3356476795,334249.945525,-5663.99003598
144.801910643,37.3356170744,334499.945493,-5684.87718324
144.804733447,37.3355864022,334749.945462,-5674.84312752
144.807556249,37.3355556629,334999.945431,-5675.14340908
144.810379048,37.3355248566,335249.945401,-5690.98616052
144.813201845,37.3354939832,335499.945371,-5682.13821027
144.81602464,37.3354630428,335749.945342,-5678.84159706
144.818847433,37.3354320353,335999.945313,-5685.23707978
144.821670223,37.3354009607,336249.945286,-5693.1518721
144.824493011,37.3353698191,336499.945258,-5697.30585959
144.827315797,37.3353386104,336749.945231,-5699.33184135
144.83013858,37.3353073346,336999.945205,-5707.68982904
144.832961361,37.3352759918,337249.94518,-5709.16956897
144.83578414,37.3352445819,337499.945155,-5708.53191889
144.838606916,37.335213105,337749.94513,-5719.58093921
144.84142969,37.335181561,337999.945107,-5722.53874942
144.844252461,37.33514995,338249.945083,-5721.53915943
144.847075231,37.3351182718,338499.945061,-5725.27304253
144.849897997,37.3350865267,338749.945039,-5728.10795807
144.852720762,37.3350547144,338999.945017,-5729.25047886
144.855543524,37.3350228351,339249.944997,-5727.8372215
144.858366284,37.3349908888,339499.944976,-5728.02574862
144.861189041,37.3349588754,339749.944957,-5728.68350788
144.864011796,37.3349267949,339999.944938,-5728.81814368
144.866834549,37.3348946474,340249.94492,-5731.74673758
144.869657299,37.3348624328,340499.944902,-5735.39434844
144.872480047,37.3348301511,340749.944885,-5738.17668032
144.875302792,37.3347978024,340999.944868,-5738.79114604
144.878125535,37.3347653866,341249.944852,-5739.13469337
144.880948276,37.3347329038,341499.944837,-5740.12339259
144.883771014,37.3347003539,341749.944822,-5741.21951774
144.886593749,37.334667737,341999.944808,-5742.34917785
144.889416483,37.3346350529,342249.944794,-5743.79862679
144.892239214,37.3346023019,342499.944781,-5748.76712175
144.895061942,37.3345694838,342749.944769,-5750.00440125
144.897884668,37.3345365986,342999.944757,-5747.22363902
144.900707391,37.3345036463,343249.944746,-5751.69162893
144.903530112,37.334470627,343499.944736,-5753.34752415
144.906352831,37.3344375407,343749.944726,-5751.560981
144.909175547,37.3344043873,343999.944717,-5751.61105959
144.911998261,37.3343711668,344249.944708,-5754.07289514
144.914820972,37.3343378793,344499.9447,-5757.02404122
144.91764368,37.3343045247,344749.944693,-5754.16183037
144.920466387,37.3342711031,344999.944686,-5755.21650033
144.92328909,37.3342376144,345249.94468,-5759.65826206
144.926111791,37.3342040586,345499.944675,-5764.68658464
144.92893449,37.3341704358,345749.94467,-5768.96043862
144.931757186,37.3341367459,345999.944666,-5771.73640551
144.93457988,37.334102989,346249.944662,-5771.82933448
144.937402571,37.334069165,346499.94466,-5773.4755996
144.94022526,37.334035274,346749.944657,-5774.74132062
144.943047946,37.3340013159,346999.944656,-5773.04304468
144.945870629,37.3339672908,347249.944655,-5773.68978616
144.94869331,37.3339331986,347499.944654,-5775.02532216
144.951515989,37.3338990393,347749.944655,-5775.61141938
144.954338665,37.333864813,347999.944656,-5774.67729408
144.957161338,37.3338305196,348249.944657,-5775.13247001
144.959984009,37.3337961592,348499.944659,-5778.69044318
144.962806677,37.3337617317,348749.944662,-5775.73897445
144.965629343,37.3337272372,348999.944666,-5772.32883047
144.968452006,37.3336926756,349249.94467,-5771.23339846
144.971274667,37.333658047,349499.944675,-5768.84274192
144.974097324,37.3336233513,349749.94468,-5766.25763695
144.97691998,37.3335885885,349999.944686,-5764.28321177
144.979742633,37.3335537587,350249.944693,-5766.10796059
144.982565283,37.3335188619,350499.944701,-5769.30730681
144.98538793,37.3334838979,350749.944709,-5773.13349707
144.988210575,37.333448867,350999.944717,-5777.36929369
144.991033218,37.333413769,351249.944727,-5783.67093229
144.993855857,37.3333786039,351499.944737,-5791.62432402
144.996678494,37.3333433718,351749.944748,-5798.94264452
144.999501129,37.3333080726,351999.944759,-5804.04979527
145.002323761,37.3332727064,352249.944771,-5806.84998162
145.00514639,37.3332372731,352499.944784,-5807.97801983
145.007969017,37.3332017727,352749.944797,-5807.72484413
145.01079164,37.3331662054,352999.944811,-5806.68182033
145.013614262,37.3331305709,353249.944826,-5805.77738485
145.01643688,37.3330948694,353499.944841,-5804.85780828
145.019259496,37.3330591009,353749.944857,-5804.22795437
145.02208211,37.3330232653,353999.944874,-5804.50809101
145.02490472,37.3329873626,354249.944892,-5805.17910873
145.027727328,37.3329513929,354499.94491,-5807.1383098
145.030549933,37.3329153562,354749.944928,-5811.4166124
145.033372536,37.3328792524,354999.944948,-5816.88761177
145.036195136,37.3328430815,355249.944968,-5819.91288548
145.039017733,37.3328068436,355499.944989,-5817.01797632
145.041840327,37.3327705387,355749.94501,-5821.8493856
145.044662919,37.3327341667,355999.945032,-5826.52460977
145.047485508,37.3326977276,356249.945055,-5825.86972318
145.050308095,37.3326612215,356499.945079,-5824.62044542
145.053130678,37.3326246484,356749.945103,-5821.80553418
145.055953259,37.3325880082,356999.945128,-5817.4057049
145.058775837,37.3325513009,357249.945154,-5816.57107784
145.061598413,37.3325145266,357499.94518,-5814.28075555
145.064420985,37.3324776853,357749.945207,-5809.26696556
145.067243555,37.3324407769,357999.945235,-5806.78682708
145.070066122,37.3324038014,358249.945263,-5805.43424261
145.072888687,37.3323667589,358499.945292,-5804.56601
145.075711248,37.3323296494,358749.945322,-5801.81525661
145.078533807,37.3322924728,358999.945352,-5799.53388013
145.081356363,37.3322552291,359249.945383,-5798.09799014
145.084178917,37.3322179184,359499.945415,-5797.4308615
145.087001467,37.3321805407,359749.945448,-5792.12331067
145.089824015,37.3321430959,359999.945481,-5783.8575873
145.09264656,37.332105584,360249.945515,-5779.68884958
145.095469102,37.3320680051,360499.94555,-5776.17096651
145.098291641,37.3320303592,360749.945585,-5773.60172021
145.101114178,37.3319926462,360999.945621,-5773.21331781
145.103936712,37.3319548662,361249.945658,-5773.08923908
145.106759243,37.3319170191,361499.945696,-5772.85478495
145.109581771,37.331879105,361749.945734,-5772.22441465
145.112404296,37.3318411238,361999.945773,-5771.51229748
145.115226819,37.3318030756,362249.945812,-5770.98065563
145.118049338,37.3317649603,362499.945853,-5770.96329537
145.120871855,37.331726778,362749.945894,-5770.43065121
145.123694369,37.3316885287,362999.945936,-5769.93341136
145.12651688,37.3316502123,363249.945978,-5769.99406549
145.129339388,37.3316118288,363499.946021,-5769.47535776
145.132161893,37.3315733783,363749.946065,-5769.26669074
145.134984396,37.3315348608,363999.94611,-5770.02462966
145.137806896,37.3314962762,364249.946155,-5771.07611613
145.140629392,37.3314576246,364499.946202,-5771.19401731
145.143451886,37.3314189059,364749.946248,-5769.57766895
145.146274377,37.3313801202,364999.946296,-5764.01058517
145.149096865,37.3313412674,365249.946344,-5760.64604805
145.15191935,37.3313023476,365499.946393,-5761.15485221
145.154741833,37.3312633607,365749.946443,-5758.4130052
145.157564312,37.3312243068,365999.946494,-5756.4025269
145.160386788,37.3311851859,366249.946545,-5755.95825126
145.163209262,37.3311459979,366499.946597,-5755.955772
145.166031733,37.3311067429,366749.94665,-5755.53087678
145.1688542,37.3310674208,366999.946703,-5754.87793148
145.171676665,37.3310280317,367249.946757,-5755.45891145
145.174499127,37.3309885755,367499.946812,-5756.67806015
145.177321586,37.3309490523,367749.946868,-5757.93906347
145.180144042,37.3309094621,367999.946924,-5757.90002035
145.182966495,37.3308698048,368249.946982,-5757.92432868
145.185788945,37.3308300805,368499.94704,-5757.52064528
145.188611392,37.3307902891,368749.947098,-5755.31051248
145.191433836,37.3307504307,368999.947158,-5753.66462018
145.194256277,37.3307105052,369249.947218,-5752.1656299
145.197078715,37.3306705127,369499.947279,-5749.87113311
145.19990115,37.3306304532,369749.94734,-5747.62480838
145.202723582,37.3305903266,369999.947403,-5745.93989914
145.205546012,37.3305501329,370249.947466,-5745.41783618
145.208368438,37.3305098723,370499.94753,-5743.42668989
145.211190861,37.3304695446,370749.947595,-5740.33362458
145.214013281,37.3304291498,370999.94766,-5736.4633972
145.216835698,37.330388688,371249.947726,-5733.64187862
145.219658112,37.3303481592,371499.947793,-5730.24489005
145.222480523,37.3303075633,371749.947861,-5725.37354034
145.225302932,37.3302669004,371999.947929,-5722.99379046
145.228125337,37.3302261704,372249.947999,-5719.78819554
145.230947739,37.3301853735,372499.948069,-5714.30930425
145.233770138,37.3301445094,372749.94814,-5711.48561763
145.236592534,37.3301035783,372999.948211,-5707.09770075
145.239414926,37.3300625802,373249.948283,-5700.26196887
145.242237316,37.3300215151,373499.948357,-5697.14470753
145.245059703,37.3299803829,373749.94843,-5693.02329531
145.247882087,37.3299391837,373999.948505,-5687.10093486
145.250704467,37.3298979174,374249.94858,-5683.07995168
145.253526845,37.3298565841,374499.948657,-5680.71405411
145.256349219,37.3298151837,374749.948734,-5679.23888121
145.259171591,37.3297737164,374999.948811,-5675.89818042
145.261993959,37.3297321819,375249.94889,-5675.45498763
145.264816324,37.3296905805,375499.948969,-5674.89349242
145.267638686,37.329648912,375749.949049,-5663.22304761
145.270461045,37.3296071764,375999.94913,-5657.32824881
145.273283401,37.3295653739,376249.949212,-5656.15253234
145.276105754,37.3295235043,376499.949294,-5653.98258328
145.278928104,37.3294815676,376749.949378,-5651.38282294
145.28175045,37.3294395639,376999.949462,-5648.62592388
145.284572794,37.3293974932,377249.949546,-5646.23816945
145.287395134,37.3293553554,377499.949632,-5644.06654704
145.290217471,37.3293131507,377749.949718,-5642.07139488
145.293039805,37.3292708788,377999.949806,-5640.14171681
145.295862136,37.32922854,378249.949894,-5638.35737027
145.298684463,37.3291861341,378499.949982,-5636.88131547
145.301506788,37.3291436611,378749.950072,-5635.8662192
145.304329109,37.3291011211,378999.950162,-5632.73745333
145.307151427,37.3290585141,379249.950254,-5628.97374847
145.309973742,37.3290158401,379499.950346,-5625.52742525
145.312796054,37.328973099,379749.950438,-5619.10038671
145.315618363,37.3289302909,379999.950532,-5612.55467822
145.318440668,37.3288874158,380249.950626,-5607.40624161
145.32126297,37.3288444736,380499.950722,-5601.22049101
145.324085269,37.3288014644,380749.950818,-5595.27695642
145.326907565,37.3287583881,380999.950914,-5590.15756039
145.329729858,37.3287152448,381249.951012,-5586.00467991
145.332552147,37.3286720345,381499.951111,-5585.07293482
145.335374433,37.3286287572,381749.95121,-5587.69775495
145.338196716,37.3285854128,381999.95131,-5591.99202312
145.341018996,37.3285420013,382249.951411,-5593.71463827
145.343841272,37.3284985229,382499.951512,-5592.47075305
145.346663546,37.3284549774,382749.951615,-5590.7772943
145.349485816,37.3284113649,382999.951718,-5590.14823903
145.352308082,37.3283676853,383249.951822,-5589.60427083
145.355130346,37.3283239388,383499.951927,-5584.6015867
145.357952606,37.3282801251,383749.952033,-5584.58838428
145.360774863,37.3282362445,383999.95214,-5586.83276895
145.363597117,37.3281922968,384249.952247,-5583.25944321
145.366419367,37.3281482821,384499.952356,-5578.09556575
145.369241614,37.3281042004,384749.952465,-5573.29986997
145.372063858,37.3280600516,384999.952575,-5571.64919828
145.374886098,37.3280158358,385249.952685,-5571.15918925
145.377708336,37.327971553,385499.952797,-5571.34725351
145.38053057,37.3279272031,385749.952909,-5571.20917488
145.3833528,37.3278827862,385999.953023,-5572.2533384
145.386175028,37.3278383023,386249.953137,-5570.97119005
145.388997252,37.3277937513,386499.953252,-5563.95031454
145.391819472,37.3277491333,386749.953368,-5557.31562362
145.39464169,37.3277044483,386999.953484,-5554.43521162
145.397463904,37.3276596963,387249.953602,-5557.90525661
145.400286114,37.3276148772,387499.95372,-5562.06551507
145.403108322,37.3275699911,387749.953839,-5563.9958264
145.405930526,37.327525038,387999.953959,-5561.46783343
145.408752726,37.3274800178,388249.95408,-5552.34479262
145.411574924,37.3274349306,388499.954201,-5547.28029821
145.414397118,37.3273897764,388749.954324,-5551.061464
145.417219308,37.3273445552,388999.954447,-5561.01670057
145.420041495,37.3272992669,389249.954572,-5569.49683021
145.422863679,37.3272539116,389499.954697,-5573.09227389
145.42568586,37.3272084893,389749.954823,-5568.02633023
145.428508037,37.3271629999,389999.954949,-5566.61228374
145.431330211,37.3271174435,390249.955077,-5571.16738303
145.434152381,37.3270718201,390499.955206,-5579.49970964
145.436974548,37.3270261297,390749.955335,-5581.77650838
145.439796711,37.3269803722,390999.955465,-5578.94730427
145.442618871,37.3269345477,391249.955596,-5578.98775579
145.445441028,37.3268886562,391499.955728,-5578.97127117
145.448263181,37.3268426977,391749.955861,-5579.27375866
145.451085331,37.3267966721,391999.955995,-5581.67139886
145.453907477,37.3267505795,392249.956129,-5579.72905261
145.45672962,37.3267044199,392499.956264,-5576.65148622
145.45955176,37.3266581932,392749.956401,-5578.54060696
145.462373896,37.3266118996,392999.956538,-5579.06229348
145.465196028,37.3265655389,393249.956676,-5579.25919645
145.468018157,37.3265191111,393499.956815,-5580.86328914
145.470840283,37.3264726164,393749.956954,-5578.46348301
145.473662405,37.3264260546,393999.957095,-5575.13778098
145.476484524,37.3263794258,394249.957237,-5573.86504249
145.479306639,37.32633273,394499.957379,-5573.51342978
145.482128751,37.3262859672,394749.957522,-5573.00084097
145.484950859,37.3262391373,394999.957666,-5571.58038978
145.487772964,37.3261922404,395249.957811,-5570.93247476
145.490595066,37.3261452765,395499.957957,-5571.0392642
145.493417163,37.3260982456,395749.958104,-5571.78105074
145.496239258,37.3260511476,395999.958252,-5571.7167631
145.499061349,37.3260039826,396249.9584,-5571.9037417
145.501883436,37.3259567506,396499.95855,-5572.34853909
145.50470552,37.3259094516,396749.9587,-5569.32980587
145.5075276,37.3258620855,396999.958851,-5568.82401196
145.510349677,37.3258146525,397249.959003,-5571.80437189
145.51317175,37.3257671524,397499.959156,-5571.96661654
145.515993819,37.3257195853,397749.95931,-5571.13938271
145.518815885,37.3256719511,397999.959465,-5570.41654359
145.521637948,37.32562425,398249.959621,-5572.75226495
145.524460007,37.3255764818,398499.959777,-5573.81754636
145.527282062,37.3255286466,398749.959935,-5573.51607455
145.530104114,37.3254807444,398999.960093,-5573.4974079
145.532926163,37.3254327752,399249.960252,-5573.89784136
145.535748207,37.3253847389,399499.960412,-5575.18843331
145.538570248,37.3253366356,399749.960574,-5578.21730893
145.541392286,37.3252884653,399999.960735,-5578.81904071
145.54421432,37.325240228,400249.960898,-5577.56115874
145.54703635,37.3251919237,400499.961062,-5575.04540791
145.549858377,37.3251435523,400749.961227,-5578.01068756
145.5526804,37.3250951139,400999.961392,-5582.20612204
145.55550242,37.3250466085,401249.961559,-5581.41879964
145.558324436,37.3249980361,401499.961726,-5579.51498783
145.561146448,37.3249493967,401749.961895,-5577.45140157
145.563968457,37.3249006903,401999.962064,-5576.15128026
145.566790462,37.3248519168,402249.962234,-5575.64977397
145.569612463,37.3248030763,402499.962405,-5575.82479315
145.572434461,37.3247541688,402749.962577,-5576.5470407
145.575256455,37.3247051943,402999.96275,-5577.15801191
145.578078446,37.3246561527,403249.962924,-5577.50922999
145.580900432,37.3246070442,403499.963099,-5577.63517697
145.583722416,37.3245578686,403749.963275,-5577.56134621
145.586544395,37.324508626,403999.963451,-5577.98230724
145.589366371,37.3244593164,404249.963629,-5579.39427837
145.592188343,37.3244099398,404499.963807,-5582.18497285
145.595010312,37.3243604962,404749.963987,-5585.74993239
145.597832276,37.3243109855,404999.964167,-5589.33417148
145.600654238,37.3242614079,405249.964348,-5591.02524511
145.603476195,37.3242117632,405499.96453,-5588.3694269
145.606298149,37.3241620515,405749.964714,-5581.74848031
145.609120099,37.3241122728,405999.964898,-5574.86158859
145.611942045,37.3240624271,406249.965083,-5571.39316611
145.614763988,37.3240125143,406499.965269,-5571.38350009
145.617585926,37.3239625346,406749.965456,-5572.27687468
145.620407862,37.3239124878,406999.965643,-5573.14342867
145.623229793,37.323862374,407249.965832,-5574.02060386
145.626051721,37.3238121932,407499.966022,-5575.57312795
145.628873645,37.3237619454,407749.966212,-5576.22233408
145.631695565,37.3237116306,407999.966404,-5576.21147985
145.634517481,37.3236612488,408249.966597,-5576.14743561
145.637339394,37.3236107999,408499.96679,-5576.89276403
145.640161303,37.3235602841,408749.966984,-5577.67580314
145.642983208,37.3235097012,408999.96718,-5577.44294952
145.64580511,37.3234590513,409249.967376,-5578.54129237
145.648627007,37.3234083344,409499.967574,-5579.69829722
145.651448901,37.3233575505,409749.967772,-5579.59638406
145.654270791,37.3233066996,409999.967971,-5578.37070027
145.657092677,37.3232557816,410249.968171,-5577.05626692
145.65991456,37.3232047967,410499.968372,-5576.45478103
145.662736439,37.3231537448,410749.968574,-5573.98131534
145.665558313,37.3231026258,410999.968777,-5571.20559381
145.668380185,37.3230514398,411249.968981,-5569.14570439
145.671202052,37.3230001868,411499.969186,-5568.83507077
145.674023915,37.3229488668,411749.969392,-5568.88840535
145.676845775,37.3228974798,411999.969599,-5568.90343411
145.679667631,37.3228460258,412249.969807,-5571.60125176
145.682489483,37.3227945048,412499.970016,-5573.20009705
145.685311331,37.3227429168,412749.970225,-5572.96922382
145.688133175,37.3226912617,412999.970436,-5574.79162169
145.690955015,37.3226395397,413249.970648,-5577.33576111
145.693776852,37.3225877506,413499.970861,-5579.97338774
145.696598685,37.3225358946,413749.971074,-5581.35470964
145.699420513,37.3224839715,413999.971289,-5582.72894812
145.702242338,37.3224319814,414249.971505,-5583.82788026
145.70506416,37.3223799243,414499.971721,-5582.99089197
145.707885977,37.3223278002,414749.971939,-5582.10769232
145.71070779,37.3222756091,414999.972157,-5581.40254636
145.7135296,37.322223351,415249.972377,-5580.64175379
145.716351405,37.3221710259,415499.972597,-5580.35530038
145.719173207,37.3221186338,415749.972819,-5580.62429888
145.721995005,37.3220661746,415999.973041,-5581.51098389
145.724816798,37.3220136485,416249.973265,-5582.75313982
145.727638588,37.3219610553,416499.973489,-5583.81155661
145.730460374,37.3219083952,416749.973715,-5583.76569507
145.733282156,37.321855668,416999.973941,-5584.30697243
145.736103935,37.3218028739,417249.974169,-5584.60622989
145.738925709,37.3217500127,417499.974397,-5583.72748416
145.741747479,37.3216970845,417749.974627,-5582.72657748
145.744569245,37.3216440894,417999.974857,-5581.19601522
145.747391008,37.3215910272,418249.975088,-5578.76522932
145.750212766,37.321537898,418499.975321,-5577.19827822
145.753034521,37.3214847018,418749.975554,-5576.06709681
145.755856271,37.3214314386,418999.975789,-5575.15386101
145.758678018,37.3213781084,419249.976024,-5575.35082826
145.76149976,37.3213247112,419499.97626,-5575.53600194
145.764321499,37.321271247,419749.976498,-5575.17498136
145.767143234,37.3212177158,419999.976736,-5575.47220481
145.769964964,37.3211641176,420249.976976,-5575.53994669
145.772786691,37.3211104524,420499.977216,-5575.18697613
145.775608414,37.3210567202,420749.977458,-5575.77744898
145.778430132,37.321002921,420999.9777,-5576.17631257
145.781251847,37.3209490548,421249.977944,-5576.46975563
145.784073558,37.3208951216,421499.978188,-5578.59388737
145.786895264,37.3208411214,421749.978434,-5581.41270099
145.789716967,37.3207870541,421999.97868,-5584.19970427
145.792538665,37.3207329199,422249.978928,-5585.74761492
145.79536036,37.3206787187,422499.979176,-5586.63164595
145.79818205,37.3206244505,422749.979426,-5586.77721164
145.801003737,37.3205701153,422999.979676,-5585.87893747
145.803825419,37.320515713,423249.979928,-5584.47683797
145.806647097,37.3204612438,423499.98018,-5582.87621035
145.809468772,37.3204067076,423749.980434,-5581.56388586
145.812290442,37.3203521044,423999.980689,-5579.30741416
145.815112108,37.3202974342,424249.980945,-5576.60014275
145.81793377,37.320242697,424499.981201,-5574.47070185
145.820755428,37.3201878927,424749.981459,-5570.18404605
145.823577082,37.3201330215,424999.981718,-5564.17118407
145.826398732,37.3200780833,425249.981978,-5557.12990283
145.829220378,37.3200230781,425499.982239,-5551.3345581
145.832042019,37.3199680059,425749.9825,-5546.66052859
145.834863657,37.3199128667,425999.982763,-5543.02404244
145.83768529,37.3198576605,426249.983027,-5539.58629859
145.840506919,37.3198023873,426499.983292,-5536.3101273
145.843328545,37.3197470471,426749.983558,-5533.13043351
145.846150166,37.3196916399,426999.983825,-5530.11399308
145.848971783,37.3196361657,427249.984094,-5526.10805824
145.851793395,37.3195806245,427499.984363,-5520.69285632
145.854615004,37.3195250164,427749.984633,-5516.60457123
145.857436609,37.3194693412,427999.984904,-5512.18547779
145.860258209,37.319413599,428249.985177,-5507.25119141
145.863079805,37.3193577899,428499.98545,-5504.43865373
145.865901397,37.3193019137,428749.985724,-5503.60381571
145.868722985,37.3192459705,428999.986,-5504.51801147
145.871544569,37.3191899604,429249.986276,-5506.15190029
145.874366149,37.3191338832,429499.986554,-5508.04718806
145.877187724,37.3190777391,429749.986832,-5510.08948339
145.880009295,37.319021528,429999.987112,-5512.66397114
145.882830862,37.3189652499,430249.987393,-5515.74736433
145.885652425,37.3189089047,430499.987675,-5519.19903977
145.888473984,37.3188524926,430749.987957,-5522.55580443
145.891295538,37.3187960135,430999.988241,-5526.52417164
145.894117088,37.3187394674,431249.988526,-5530.38268814
145.896938634,37.3186828543,431499.988812,-5532.44678177
145.899760176,37.3186261743,431749.989099,-5534.09253067
145.902581714,37.3185694272,431999.989388,-5535.13819623
145.905403247,37.3185126131,432249.989677,-5535.08638439
145.908224776,37.3184557321,432499.989967,-5534.43399236
145.911046301,37.318398784,432749.990258,-5533.9901231
145.913867822,37.318341769,432999.990551,-5534.70996816
145.916689338,37.3182846869,433249.990844,-5535.97404958
145.91951085,37.3182275379,433499.991139,-5537.36481213
145.922332358,37.3181703219,433749.991435,-5538.44712915
145.925153862,37.3181130389,433999.991731,-5540.9437263
145.927975361,37.3180556889,434249.992029,-5543.3171746
145.930796856,37.3179982719,434499.992328,-5544.47896711
145.933618347,37.317940788,434749.992628,-5545.91374645
145.936439834,37.317883237,434999.992929,-5546.73318444
145.939261316,37.3178256191,435249.993231,-5546.49925724
145.942082794,37.3177679341,435499.993534,-5545.85852313
145.944904267,37.3177101822,435749.993839,-5544.45068214
145.947725737,37.3176523633,435999.994144,-5542.32906563
145.950547202,37.3175944774,436249.994451,-5540.44123231
145.953368663,37.3175365245,436499.994758,-5539.70015974
145.956190119,37.3174785047,436749.995067,-5539.63676432
145.959011571,37.3174204178,436999.995376,-5535.73424798
145.961833019,37.3173622639,437249.995687,-5533.71458232
145.964654462,37.3173040431,437499.995999,-5534.28300013
145.967475901,37.3172457553,437749.996312,-5534.88772983
145.970297336,37.3171874005,437999.996626,-5536.00292127
145.973118767,37.3171289787,438249.996942,-5537.24307136
145.975940193,37.3170704899,438499.997258,-5537.51456921
145.978761614,37.3170119341,438749.997575,-5538.06386727
145.981583032,37.3169533114,438999.997894,-5538.50026892
145.984404445,37.3168946217,439249.998213,-5537.46262689
145.987225853,37.3168358649,439499.998534,-5536.73474845
145.990047257,37.3167770412,439749.998856,-5536.30256488
145.992868657,37.3167181506,439999.999179,-5536.01048824
145.995690053,37.3166591929,440249.999503,-5535.12404079
145.998511444,37.3166001682,440499.999828,-5533.77099898
